order_id,order_date,customer_id,product_id,campaign_id,channel,region,quantity,unit_price,discount_pct,gross_amount,discount_amount,net_revenue,status,is_return
O00001,2026-06-04,C0007,P014,CAM001,Social,Mumbai,3,2044,0,6132,0.0,6132.0,Completed,False
O00002,2026-02-20,C0040,P007,CAM002,Website,Chennai,4,13533,20,54132,10826.4,43305.6,Completed,False
O00003,2026-06-16,C0050,P005,CAM010,Marketplace,Delhi,4,6427,15,25708,3856.2,21851.8,Completed,False
O00004,2026-02-23,C0092,P004,CAM003,Mobile App,Mumbai,2,13261,5,26522,1326.1,25195.9,Completed,False
O00005,2026-03-20,C0022,P020,CAM001,Social,Chennai,1,15417,0,15417,0.0,-15417.0,Returned,True
O00006,2026-04-30,C0050,P003,CAM005,Social,Delhi,2,9686,15,19372,2905.8,16466.2,Completed,False
O00007,2026-01-23,C0035,P016,CAM006,Social,Mumbai,3,9686,0,29058,0.0,29058.0,Completed,False
O00008,2026-04-11,C0014,P018,CAM006,Mobile App,Mumbai,3,15417,15,46251,6937.65,39313.35,Completed,False
O00009,2026-04-02,C0011,P001,CAM007,Marketplace,Hyderabad,1,7276,15,7276,1091.4,6184.6,Completed,False
O00010,2026-05-22,C0037,P012,CAM010,Marketplace,Mumbai,3,7276,5,21828,1091.4,20736.6,Completed,False
O00011,2026-06-30,C0009,P012,CAM008,Social,Chennai,1,15417,5,15417,770.85,14646.15,Completed,False
O00012,2026-05-01,C0007,P008,CAM001,Website,Bengaluru,3,11524,5,34572,1728.6,32843.4,Completed,False
O00013,2026-03-16,C0036,P014,CAM001,Social,Hyderabad,3,9015,5,27045,1352.25,25692.75,Completed,False
O00014,2026-03-15,C0021,P009,CAM001,Mobile App,Chennai,3,17174,0,51522,0.0,51522.0,Completed,False
O00015,2026-03-17,C0056,P009,CAM004,Website,Delhi,2,7276,5,14552,727.6,-13824.4,Returned,True
O00016,2026-05-28,C0002,P009,CAM004,Marketplace,Delhi,2,13261,15,26522,3978.3,22543.7,Completed,False
O00017,2026-02-28,C0031,P017,CAM010,Social,Mumbai,3,17174,5,51522,2576.1,48945.9,Completed,False
O00018,2026-01-31,C0046,P013,CAM004,Website,Mumbai,3,2044,15,6132,919.8,5212.2,Completed,False
O00019,2026-03-02,C0097,P008,CAM001,Website,Delhi,4,9072,20,36288,7257.6,29030.4,Completed,False
O00020,2026-01-05,C0064,P019,CAM009,Social,Hyderabad,2,12255,15,24510,3676.5,20833.5,Completed,False
O00021,2026-01-20,C0089,P017,CAM003,Social,Bengaluru,2,1100,10,2200,220.0,1980.0,Completed,False
O00022,2026-01-17,C0035,P019,CAM010,Website,Hyderabad,2,15417,5,30834,1541.7,29292.3,Completed,False
O00023,2026-05-20,C0045,P015,CAM008,Social,Hyderabad,3,12255,20,36765,7353.0,29412.0,Completed,False
O00024,2026-05-11,C0043,P008,CAM009,Social,Bengaluru,1,6427,5,6427,321.35,6105.65,Completed,False
O00025,2026-05-07,C0089,P016,CAM009,Social,Bengaluru,2,12255,10,24510,2451.0,22059.0,Completed,False
O00026,2026-03-25,C0096,P007,CAM002,Website,Delhi,1,12255,10,12255,1225.5,-11029.5,Returned,True
O00027,2026-05-10,C0097,P006,CAM007,Marketplace,Hyderabad,3,11294,15,33882,5082.3,28799.7,Completed,False
O00028,2026-01-30,C0076,P010,CAM005,Social,Mumbai,4,13261,10,53044,5304.4,47739.6,Completed,False
O00029,2026-06-13,C0051,P020,CAM007,Social,Delhi,4,7276,15,29104,4365.6,24738.4,Completed,False
O00030,2026-04-01,C0055,P012,CAM008,Marketplace,Hyderabad,2,2266,20,4532,906.4,3625.6,Completed,False
O00031,2026-06-19,C0099,P008,CAM006,Website,Mumbai,1,7276,5,7276,363.8,6912.2,Completed,False
O00032,2026-01-28,C0029,P010,CAM004,Website,Mumbai,1,9015,20,9015,1803.0,7212.0,Completed,False
O00033,2026-04-01,C0035,P006,CAM010,Mobile App,Hyderabad,1,9686,0,9686,0.0,9686.0,Completed,False
O00034,2026-05-07,C0090,P014,CAM007,Website,Mumbai,4,11704,20,46816,9363.2,37452.8,Completed,False
O00035,2026-03-31,C0039,P008,CAM009,Website,Chennai,4,9686,0,38744,0.0,38744.0,Completed,False
O00036,2026-03-22,C0024,P012,CAM003,Website,Chennai,3,13533,20,40599,8119.8,32479.2,Completed,False
O00037,2026-01-31,C0057,P008,CAM009,Social,Chennai,1,9015,5,9015,450.75,8564.25,Completed,False
O00038,2026-03-10,C0033,P007,CAM004,Marketplace,Mumbai,1,7276,20,7276,1455.2,5820.8,Completed,False
O00039,2026-02-13,C0090,P020,CAM005,Marketplace,Delhi,4,7276,0,29104,0.0,29104.0,Completed,False
O00040,2026-02-24,C0091,P007,CAM009,Social,Delhi,2,1100,10,2200,220.0,1980.0,Completed,False
O00041,2026-05-04,C0031,P002,CAM004,Mobile App,Mumbai,1,2266,20,2266,453.2,-1812.8,Returned,True
O00042,2026-04-25,C0053,P008,CAM003,Mobile App,Chennai,1,11524,0,11524,0.0,11524.0,Completed,False
O00043,2026-04-20,C0099,P011,CAM010,Website,Bengaluru,2,9015,5,18030,901.5,17128.5,Completed,False
O00044,2026-03-07,C0075,P002,CAM010,Mobile App,Mumbai,3,11294,0,33882,0.0,33882.0,Completed,False
O00045,2026-06-23,C0022,P007,CAM004,Website,Hyderabad,4,2266,5,9064,453.2,8610.8,Completed,False
O00046,2026-01-16,C0060,P004,CAM004,Marketplace,Chennai,2,17174,5,34348,1717.4,32630.6,Completed,False
O00047,2026-03-04,C0062,P011,CAM003,Social,Delhi,3,16000,15,48000,7200.0,40800.0,Completed,False
O00048,2026-01-22,C0066,P015,CAM001,Marketplace,Hyderabad,1,12255,5,12255,612.75,11642.25,Completed,False
O00049,2026-03-03,C0003,P020,CAM006,Mobile App,Delhi,1,11404,0,11404,0.0,11404.0,Completed,False
O00050,2026-06-24,C0030,P008,CAM003,Marketplace,Delhi,1,12877,0,12877,0.0,12877.0,Completed,False
O00051,2026-03-08,C0086,P018,CAM009,Social,Delhi,4,9686,20,38744,7748.8,30995.2,Completed,False
O00052,2026-06-14,C0025,P005,CAM002,Mobile App,Chennai,3,9072,20,27216,5443.2,21772.8,Completed,False
O00053,2026-03-31,C0030,P016,CAM007,Mobile App,Delhi,4,2266,5,9064,453.2,8610.8,Completed,False
O00054,2026-05-07,C0033,P012,CAM006,Marketplace,Mumbai,1,11404,0,11404,0.0,11404.0,Completed,False
O00055,2026-03-24,C0018,P016,CAM007,Website,Hyderabad,1,6427,0,6427,0.0,6427.0,Completed,False
O00056,2026-02-18,C0016,P016,CAM002,Social,Bengaluru,4,9015,20,36060,7212.0,28848.0,Completed,False
O00057,2026-05-19,C0035,P011,CAM005,Mobile App,Hyderabad,1,12877,15,12877,1931.55,-10945.45,Returned,True
O00058,2026-06-25,C0088,P006,CAM007,Mobile App,Hyderabad,1,12255,15,12255,1838.25,10416.75,Completed,False
O00059,2026-02-17,C0001,P011,CAM004,Marketplace,Bengaluru,3,16000,5,48000,2400.0,45600.0,Completed,False
O00060,2026-05-21,C0029,P017,CAM009,Website,Delhi,3,11522,15,34566,5184.9,29381.1,Completed,False
O00061,2026-02-17,C0007,P020,CAM006,Website,Hyderabad,1,12255,0,12255,0.0,12255.0,Completed,False
O00062,2026-05-10,C0057,P019,CAM004,Website,Chennai,2,13533,15,27066,4059.9,23006.1,Completed,False
O00063,2026-05-23,C0026,P004,CAM001,Mobile App,Mumbai,3,11294,10,33882,3388.2,30493.8,Completed,False
O00064,2026-03-23,C0080,P012,CAM002,Marketplace,Hyderabad,2,7276,5,14552,727.6,13824.4,Completed,False
O00065,2026-05-14,C0059,P003,CAM005,Website,Chennai,2,11404,15,22808,3421.2,19386.8,Completed,False
O00066,2026-02-19,C0079,P014,CAM005,Mobile App,Bengaluru,1,7276,15,7276,1091.4,6184.6,Completed,False
O00067,2026-01-15,C0064,P020,CAM009,Social,Mumbai,2,13533,10,27066,2706.6,24359.4,Completed,False
O00068,2026-01-18,C0044,P002,CAM008,Social,Delhi,4,11524,0,46096,0.0,46096.0,Completed,False
O00069,2026-03-22,C0087,P014,CAM002,Website,Chennai,3,6427,0,19281,0.0,19281.0,Completed,False
O00070,2026-06-13,C0048,P019,CAM006,Marketplace,Mumbai,4,2266,20,9064,1812.8,7251.2,Completed,False
O00071,2026-01-24,C0095,P017,CAM005,Website,Delhi,1,1100,5,1100,55.0,1045.0,Completed,False
O00072,2026-03-24,C0100,P008,CAM002,Marketplace,Bengaluru,1,12877,5,12877,643.85,12233.15,Completed,False
O00073,2026-05-08,C0059,P003,CAM007,Social,Mumbai,3,11404,15,34212,5131.8,29080.2,Completed,False
O00074,2026-02-06,C0068,P019,CAM006,Social,Chennai,1,11704,5,11704,585.2,11118.8,Completed,False
O00075,2026-05-11,C0026,P019,CAM001,Website,Bengaluru,3,1100,5,3300,165.0,-3135.0,Returned,True
O00076,2026-02-25,C0082,P012,CAM005,Mobile App,Mumbai,4,13261,15,53044,7956.6,-45087.4,Returned,True
O00077,2026-05-27,C0068,P020,CAM008,Social,Hyderabad,2,11522,10,23044,2304.4,20739.6,Completed,False
O00078,2026-04-15,C0091,P001,CAM004,Social,Hyderabad,3,13533,15,40599,6089.85,34509.15,Completed,False
O00079,2026-04-09,C0027,P013,CAM004,Mobile App,Hyderabad,3,16000,0,48000,0.0,48000.0,Completed,False
O00080,2026-02-01,C0079,P001,CAM002,Website,Mumbai,1,17174,10,17174,1717.4,15456.6,Completed,False
O00081,2026-03-25,C0048,P019,CAM003,Mobile App,Bengaluru,4,2044,10,8176,817.6,7358.4,Completed,False
O00082,2026-06-05,C0019,P014,CAM010,Marketplace,Hyderabad,1,12255,15,12255,1838.25,10416.75,Completed,False
O00083,2026-01-04,C0018,P019,CAM007,Mobile App,Mumbai,4,15417,0,61668,0.0,61668.0,Completed,False
O00084,2026-05-18,C0057,P012,CAM002,Social,Delhi,3,13261,0,39783,0.0,39783.0,Completed,False
O00085,2026-03-31,C0032,P002,CAM005,Social,Bengaluru,1,9072,15,9072,1360.8,7711.2,Completed,False
O00086,2026-05-11,C0011,P001,CAM002,Social,Delhi,3,17174,15,51522,7728.3,43793.7,Completed,False
O00087,2026-05-01,C0043,P007,CAM005,Website,Chennai,1,7276,20,7276,1455.2,5820.8,Completed,False
O00088,2026-03-20,C0066,P015,CAM002,Social,Hyderabad,3,11524,5,34572,1728.6,-32843.4,Returned,True
O00089,2026-02-25,C0032,P004,CAM007,Social,Bengaluru,4,9015,20,36060,7212.0,28848.0,Completed,False
O00090,2026-04-24,C0096,P018,CAM006,Mobile App,Chennai,4,17174,5,68696,3434.8,65261.2,Completed,False
O00091,2026-01-26,C0078,P005,CAM007,Marketplace,Hyderabad,4,15417,15,61668,9250.2,52417.8,Completed,False
O00092,2026-04-16,C0052,P010,CAM005,Social,Mumbai,2,9686,0,19372,0.0,19372.0,Completed,False
O00093,2026-01-18,C0094,P005,CAM003,Social,Delhi,3,15417,20,46251,9250.2,37000.8,Completed,False
O00094,2026-04-28,C0044,P010,CAM003,Marketplace,Bengaluru,2,11294,5,22588,1129.4,21458.6,Completed,False
O00095,2026-04-24,C0014,P010,CAM003,Website,Delhi,4,12255,20,49020,9804.0,39216.0,Completed,False
O00096,2026-01-16,C0004,P001,CAM005,Marketplace,Mumbai,2,15417,5,30834,1541.7,29292.3,Completed,False
O00097,2026-05-18,C0094,P012,CAM005,Marketplace,Chennai,4,6427,15,25708,3856.2,21851.8,Completed,False
O00098,2026-03-17,C0096,P016,CAM007,Website,Hyderabad,2,2266,10,4532,453.2,4078.8,Completed,False
O00099,2026-05-23,C0074,P019,CAM001,Social,Delhi,3,11522,0,34566,0.0,34566.0,Completed,False
O00100,2026-01-08,C0011,P007,CAM003,Website,Chennai,1,7276,0,7276,0.0,7276.0,Completed,False
O00101,2026-02-02,C0030,P018,CAM009,Social,Bengaluru,3,11704,15,35112,5266.8,29845.2,Completed,False
O00102,2026-03-31,C0005,P018,CAM010,Marketplace,Mumbai,1,9686,0,9686,0.0,9686.0,Completed,False
O00103,2026-02-04,C0006,P020,CAM010,Mobile App,Hyderabad,1,9015,5,9015,450.75,8564.25,Completed,False
O00104,2026-03-01,C0025,P008,CAM004,Website,Mumbai,2,7276,10,14552,1455.2,-13096.8,Returned,True
O00105,2026-04-30,C0058,P018,CAM002,Website,Delhi,2,9072,5,18144,907.2,17236.8,Completed,False
O00106,2026-01-27,C0007,P012,CAM002,Marketplace,Chennai,3,7276,0,21828,0.0,21828.0,Completed,False
O00107,2026-05-03,C0099,P002,CAM002,Mobile App,Mumbai,2,7276,15,14552,2182.8,12369.2,Completed,False
O00108,2026-01-19,C0046,P006,CAM010,Social,Delhi,1,12255,15,12255,1838.25,10416.75,Completed,False
O00109,2026-02-01,C0027,P014,CAM009,Website,Mumbai,2,11522,15,23044,3456.6,19587.4,Completed,False
O00110,2026-04-17,C0052,P004,CAM009,Social,Mumbai,2,2266,20,4532,906.4,3625.6,Completed,False
O00111,2026-05-24,C0080,P009,CAM008,Social,Chennai,3,11524,0,34572,0.0,34572.0,Completed,False
O00112,2026-01-31,C0032,P016,CAM004,Website,Delhi,3,2266,10,6798,679.8,-6118.2,Returned,True
O00113,2026-02-24,C0005,P003,CAM005,Marketplace,Hyderabad,1,2266,5,2266,113.3,2152.7,Completed,False
O00114,2026-06-17,C0006,P010,CAM009,Social,Delhi,3,2266,20,6798,1359.6,-5438.4,Returned,True
O00115,2026-06-29,C0086,P005,CAM009,Mobile App,Delhi,3,11524,10,34572,3457.2,31114.8,Completed,False
O00116,2026-04-16,C0012,P011,CAM006,Website,Delhi,4,11404,0,45616,0.0,45616.0,Completed,False
O00117,2026-03-22,C0064,P005,CAM009,Social,Mumbai,3,11524,15,34572,5185.8,29386.2,Completed,False
O00118,2026-03-04,C0039,P020,CAM004,Mobile App,Mumbai,4,9072,0,36288,0.0,36288.0,Completed,False
O00119,2026-04-21,C0078,P002,CAM005,Website,Chennai,1,9072,5,9072,453.6,-8618.4,Returned,True
O00120,2026-04-17,C0007,P020,CAM009,Social,Delhi,3,9015,15,27045,4056.75,22988.25,Completed,False
O00121,2026-02-23,C0090,P016,CAM004,Marketplace,Delhi,1,7276,10,7276,727.6,6548.4,Completed,False
O00122,2026-01-05,C0070,P018,CAM008,Website,Bengaluru,1,11294,15,11294,1694.1,-9599.9,Returned,True
O00123,2026-01-28,C0045,P018,CAM005,Mobile App,Delhi,4,9686,10,38744,3874.4,34869.6,Completed,False
O00124,2026-06-23,C0021,P004,CAM003,Website,Mumbai,2,6427,20,12854,2570.8,10283.2,Completed,False
O00125,2026-03-17,C0098,P019,CAM003,Social,Hyderabad,3,13261,10,39783,3978.3,35804.7,Completed,False
O00126,2026-03-29,C0031,P012,CAM007,Website,Delhi,3,15417,0,46251,0.0,46251.0,Completed,False
O00127,2026-03-26,C0050,P020,CAM005,Social,Hyderabad,3,2044,0,6132,0.0,-6132.0,Returned,True
O00128,2026-05-22,C0040,P018,CAM004,Marketplace,Delhi,1,9072,15,9072,1360.8,7711.2,Completed,False
O00129,2026-01-12,C0024,P012,CAM008,Marketplace,Chennai,1,12255,0,12255,0.0,12255.0,Completed,False
O00130,2026-01-15,C0042,P008,CAM001,Social,Bengaluru,1,11524,5,11524,576.2,10947.8,Completed,False
O00131,2026-02-19,C0016,P003,CAM001,Social,Mumbai,4,2044,0,8176,0.0,8176.0,Completed,False
O00132,2026-03-30,C0001,P003,CAM010,Website,Hyderabad,1,11524,5,11524,576.2,10947.8,Completed,False
O00133,2026-05-02,C0029,P008,CAM007,Website,Mumbai,3,9072,10,27216,2721.6,24494.4,Completed,False
O00134,2026-03-30,C0012,P017,CAM006,Website,Bengaluru,2,11704,0,23408,0.0,23408.0,Completed,False
O00135,2026-03-21,C0042,P011,CAM001,Marketplace,Mumbai,1,11524,10,11524,1152.4,10371.6,Completed,False
O00136,2026-06-19,C0087,P010,CAM006,Marketplace,Chennai,2,2044,20,4088,817.6,3270.4,Completed,False
O00137,2026-01-30,C0017,P005,CAM005,Website,Delhi,1,12255,0,12255,0.0,12255.0,Completed,False
O00138,2026-04-14,C0001,P012,CAM006,Website,Hyderabad,1,17174,0,17174,0.0,17174.0,Completed,False
O00139,2026-04-09,C0012,P013,CAM001,Marketplace,Hyderabad,1,13261,5,13261,663.05,12597.95,Completed,False
O00140,2026-03-27,C0051,P020,CAM006,Marketplace,Chennai,4,11524,20,46096,9219.2,36876.8,Completed,False
O00141,2026-05-27,C0028,P015,CAM006,Mobile App,Chennai,3,1100,10,3300,330.0,2970.0,Completed,False
O00142,2026-02-18,C0049,P013,CAM003,Social,Hyderabad,4,15417,15,61668,9250.2,52417.8,Completed,False
O00143,2026-06-22,C0003,P019,CAM001,Social,Bengaluru,2,9072,0,18144,0.0,18144.0,Completed,False
O00144,2026-03-02,C0034,P009,CAM010,Social,Chennai,1,9015,15,9015,1352.25,7662.75,Completed,False
O00145,2026-04-09,C0042,P019,CAM008,Mobile App,Chennai,3,11704,0,35112,0.0,35112.0,Completed,False
O00146,2026-04-05,C0044,P008,CAM007,Social,Delhi,4,9686,15,38744,5811.6,32932.4,Completed,False
O00147,2026-06-03,C0056,P003,CAM008,Marketplace,Hyderabad,3,2266,0,6798,0.0,6798.0,Completed,False
O00148,2026-03-21,C0079,P009,CAM007,Marketplace,Delhi,1,2044,20,2044,408.8,1635.2,Completed,False
O00149,2026-02-21,C0047,P003,CAM002,Mobile App,Delhi,2,7276,5,14552,727.6,13824.4,Completed,False
O00150,2026-01-04,C0085,P003,CAM005,Social,Delhi,4,11522,0,46088,0.0,46088.0,Completed,False
O00151,2026-03-07,C0053,P018,CAM009,Marketplace,Chennai,3,11294,5,33882,1694.1,32187.9,Completed,False
O00152,2026-05-30,C0027,P016,CAM003,Website,Mumbai,4,11524,0,46096,0.0,46096.0,Completed,False
O00153,2026-01-02,C0023,P005,CAM010,Social,Mumbai,3,17174,0,51522,0.0,51522.0,Completed,False
O00154,2026-06-12,C0033,P017,CAM001,Website,Delhi,1,12877,10,12877,1287.7,11589.3,Completed,False
O00155,2026-04-09,C0060,P002,CAM004,Marketplace,Delhi,4,13261,5,53044,2652.2,50391.8,Completed,False
O00156,2026-01-26,C0025,P006,CAM004,Marketplace,Mumbai,4,2266,5,9064,453.2,8610.8,Completed,False
O00157,2026-02-24,C0092,P015,CAM007,Marketplace,Hyderabad,3,6427,20,19281,3856.2,15424.8,Completed,False
O00158,2026-04-11,C0048,P007,CAM002,Website,Hyderabad,4,9015,0,36060,0.0,36060.0,Completed,False
O00159,2026-02-27,C0087,P015,CAM003,Mobile App,Delhi,1,2044,5,2044,102.2,1941.8,Completed,False
O00160,2026-01-20,C0069,P018,CAM007,Social,Mumbai,4,11522,0,46088,0.0,46088.0,Completed,False
O00161,2026-05-01,C0034,P002,CAM003,Website,Hyderabad,1,11524,10,11524,1152.4,10371.6,Completed,False
O00162,2026-05-02,C0023,P001,CAM009,Marketplace,Mumbai,4,11404,5,45616,2280.8,43335.2,Completed,False
O00163,2026-01-22,C0075,P019,CAM009,Social,Chennai,1,9015,0,9015,0.0,9015.0,Completed,False
O00164,2026-02-20,C0034,P011,CAM004,Social,Hyderabad,3,9072,0,27216,0.0,27216.0,Completed,False
O00165,2026-02-14,C0025,P011,CAM006,Marketplace,Chennai,4,17174,20,68696,13739.2,54956.8,Completed,False
O00166,2026-04-30,C0094,P010,CAM004,Mobile App,Mumbai,1,11522,0,11522,0.0,11522.0,Completed,False
O00167,2026-05-13,C0049,P009,CAM004,Marketplace,Bengaluru,1,11522,15,11522,1728.3,9793.7,Completed,False
O00168,2026-05-12,C0005,P014,CAM007,Mobile App,Mumbai,4,12877,20,51508,10301.6,-41206.4,Returned,True
O00169,2026-06-19,C0050,P012,CAM003,Marketplace,Delhi,1,1100,10,1100,110.0,990.0,Completed,False
O00170,2026-05-20,C0047,P004,CAM002,Marketplace,Delhi,3,9072,5,27216,1360.8,25855.2,Completed,False
O00171,2026-02-28,C0087,P013,CAM003,Marketplace,Mumbai,4,12255,15,49020,7353.0,41667.0,Completed,False
O00172,2026-01-20,C0072,P014,CAM010,Website,Bengaluru,3,2266,20,6798,1359.6,-5438.4,Returned,True
O00173,2026-04-22,C0020,P003,CAM003,Social,Delhi,2,2266,0,4532,0.0,4532.0,Completed,False
O00174,2026-06-15,C0016,P008,CAM004,Marketplace,Bengaluru,2,11404,20,22808,4561.6,18246.4,Completed,False
O00175,2026-06-26,C0061,P016,CAM007,Social,Bengaluru,3,13261,20,39783,7956.6,31826.4,Completed,False
O00176,2026-02-11,C0005,P013,CAM002,Marketplace,Chennai,3,16000,0,48000,0.0,48000.0,Completed,False
O00177,2026-02-12,C0032,P003,CAM003,Social,Chennai,3,17174,0,51522,0.0,51522.0,Completed,False
O00178,2026-01-07,C0014,P001,CAM002,Social,Mumbai,1,11524,15,11524,1728.6,9795.4,Completed,False
O00179,2026-01-26,C0003,P012,CAM010,Social,Mumbai,3,11404,0,34212,0.0,34212.0,Completed,False
O00180,2026-04-11,C0092,P010,CAM010,Marketplace,Mumbai,3,2266,15,6798,1019.7,5778.3,Completed,False
O00181,2026-04-09,C0009,P020,CAM008,Marketplace,Mumbai,3,2044,0,6132,0.0,6132.0,Completed,False
O00182,2026-03-09,C0001,P011,CAM003,Website,Bengaluru,1,15417,15,15417,2312.55,13104.45,Completed,False
O00183,2026-02-26,C0094,P019,CAM007,Mobile App,Bengaluru,3,12877,5,38631,1931.55,36699.45,Completed,False
O00184,2026-05-31,C0019,P005,CAM007,Mobile App,Mumbai,3,9072,0,27216,0.0,27216.0,Completed,False
O00185,2026-03-25,C0082,P009,CAM009,Social,Bengaluru,1,16000,0,16000,0.0,16000.0,Completed,False
O00186,2026-05-27,C0004,P003,CAM002,Marketplace,Mumbai,4,13533,0,54132,0.0,54132.0,Completed,False
O00187,2026-06-24,C0016,P012,CAM008,Mobile App,Chennai,3,12877,10,38631,3863.1,34767.9,Completed,False
O00188,2026-02-27,C0012,P004,CAM002,Website,Bengaluru,2,11404,0,22808,0.0,22808.0,Completed,False
O00189,2026-02-06,C0071,P010,CAM006,Marketplace,Delhi,3,13533,20,40599,8119.8,32479.2,Completed,False
O00190,2026-06-22,C0063,P007,CAM009,Mobile App,Delhi,3,9015,15,27045,4056.75,22988.25,Completed,False
O00191,2026-04-25,C0048,P004,CAM001,Website,Chennai,3,15417,5,46251,2312.55,43938.45,Completed,False
O00192,2026-02-22,C0025,P002,CAM002,Mobile App,Delhi,2,9072,20,18144,3628.8,-14515.2,Returned,True
O00193,2026-04-23,C0009,P011,CAM009,Social,Hyderabad,4,11404,15,45616,6842.4,38773.6,Completed,False
O00194,2026-04-04,C0057,P019,CAM001,Website,Bengaluru,4,11294,15,45176,6776.4,-38399.6,Returned,True
O00195,2026-06-13,C0024,P004,CAM007,Mobile App,Bengaluru,1,2266,0,2266,0.0,2266.0,Completed,False
O00196,2026-02-16,C0060,P009,CAM006,Marketplace,Mumbai,3,6427,15,19281,2892.15,16388.85,Completed,False
O00197,2026-06-29,C0069,P005,CAM004,Website,Delhi,1,12877,10,12877,1287.7,11589.3,Completed,False
O00198,2026-06-19,C0085,P017,CAM009,Website,Hyderabad,2,12255,20,24510,4902.0,19608.0,Completed,False
O00199,2026-02-02,C0050,P009,CAM009,Social,Hyderabad,4,15417,10,61668,6166.8,55501.2,Completed,False
O00200,2026-01-30,C0001,P020,CAM004,Marketplace,Chennai,1,11524,15,11524,1728.6,9795.4,Completed,False
O00201,2026-04-07,C0029,P005,CAM001,Website,Chennai,2,9686,5,19372,968.6,18403.4,Completed,False
O00202,2026-01-09,C0086,P002,CAM002,Website,Chennai,1,2266,0,2266,0.0,2266.0,Completed,False
O00203,2026-02-24,C0054,P012,CAM002,Mobile App,Bengaluru,3,11522,0,34566,0.0,34566.0,Completed,False
O00204,2026-03-20,C0062,P014,CAM010,Marketplace,Chennai,2,11404,20,22808,4561.6,18246.4,Completed,False
O00205,2026-06-25,C0046,P020,CAM006,Marketplace,Chennai,3,12255,15,36765,5514.75,31250.25,Completed,False
O00206,2026-06-29,C0017,P018,CAM007,Website,Mumbai,4,1100,5,4400,220.0,4180.0,Completed,False
O00207,2026-01-28,C0090,P018,CAM003,Marketplace,Delhi,3,7276,15,21828,3274.2,18553.8,Completed,False
O00208,2026-06-11,C0078,P013,CAM009,Social,Hyderabad,3,13261,0,39783,0.0,39783.0,Completed,False
O00209,2026-01-17,C0100,P008,CAM008,Website,Mumbai,1,13261,0,13261,0.0,13261.0,Completed,False
O00210,2026-05-16,C0086,P009,CAM008,Website,Hyderabad,1,7276,10,7276,727.6,-6548.4,Returned,True
O00211,2026-06-03,C0030,P003,CAM005,Social,Bengaluru,4,15417,15,61668,9250.2,52417.8,Completed,False
O00212,2026-06-11,C0026,P009,CAM007,Marketplace,Hyderabad,4,9072,20,36288,7257.6,29030.4,Completed,False
O00213,2026-02-10,C0025,P008,CAM006,Social,Delhi,3,11522,15,34566,5184.9,29381.1,Completed,False
O00214,2026-06-11,C0092,P001,CAM004,Mobile App,Mumbai,2,12255,5,24510,1225.5,23284.5,Completed,False
O00215,2026-01-21,C0056,P005,CAM006,Mobile App,Delhi,1,15417,20,15417,3083.4,12333.6,Completed,False
O00216,2026-04-04,C0046,P011,CAM004,Website,Mumbai,4,13533,10,54132,5413.2,-48718.8,Returned,True
O00217,2026-03-26,C0097,P008,CAM010,Website,Delhi,4,16000,20,64000,12800.0,51200.0,Completed,False
O00218,2026-02-27,C0061,P020,CAM008,Mobile App,Bengaluru,1,9686,0,9686,0.0,9686.0,Completed,False
O00219,2026-01-05,C0091,P010,CAM008,Website,Mumbai,3,15417,0,46251,0.0,46251.0,Completed,False
O00220,2026-05-20,C0099,P020,CAM008,Social,Mumbai,3,9072,0,27216,0.0,27216.0,Completed,False
O00221,2026-03-02,C0008,P014,CAM005,Marketplace,Bengaluru,2,2266,20,4532,906.4,3625.6,Completed,False
O00222,2026-04-30,C0037,P001,CAM010,Social,Mumbai,4,11704,0,46816,0.0,-46816.0,Returned,True
O00223,2026-03-16,C0074,P005,CAM003,Marketplace,Delhi,1,1100,20,1100,220.0,880.0,Completed,False
O00224,2026-03-09,C0082,P015,CAM006,Mobile App,Delhi,2,2044,15,4088,613.2,-3474.8,Returned,True
O00225,2026-06-10,C0015,P011,CAM001,Marketplace,Chennai,1,17174,0,17174,0.0,17174.0,Completed,False
O00226,2026-01-18,C0032,P007,CAM003,Website,Bengaluru,3,9686,20,29058,5811.6,23246.4,Completed,False
O00227,2026-05-14,C0055,P011,CAM006,Social,Mumbai,3,17174,0,51522,0.0,-51522.0,Returned,True
O00228,2026-05-16,C0080,P019,CAM005,Marketplace,Hyderabad,4,12877,0,51508,0.0,51508.0,Completed,False
O00229,2026-03-10,C0012,P008,CAM010,Website,Mumbai,3,13533,10,40599,4059.9,36539.1,Completed,False
O00230,2026-02-17,C0061,P001,CAM007,Marketplace,Bengaluru,1,11704,5,11704,585.2,11118.8,Completed,False
O00231,2026-01-01,C0030,P007,CAM005,Marketplace,Chennai,2,1100,5,2200,110.0,2090.0,Completed,False
O00232,2026-06-19,C0022,P019,CAM005,Website,Bengaluru,1,6427,0,6427,0.0,6427.0,Completed,False
O00233,2026-06-21,C0052,P016,CAM007,Website,Mumbai,3,2266,15,6798,1019.7,5778.3,Completed,False
O00234,2026-02-13,C0042,P017,CAM008,Social,Hyderabad,3,1100,0,3300,0.0,3300.0,Completed,False
O00235,2026-01-06,C0064,P019,CAM003,Mobile App,Mumbai,4,6427,5,25708,1285.4,24422.6,Completed,False
O00236,2026-01-23,C0032,P003,CAM006,Marketplace,Delhi,2,11404,10,22808,2280.8,20527.2,Completed,False
O00237,2026-01-13,C0083,P006,CAM006,Website,Chennai,2,1100,10,2200,220.0,1980.0,Completed,False
O00238,2026-05-31,C0008,P002,CAM001,Marketplace,Mumbai,1,13261,15,13261,1989.15,11271.85,Completed,False
O00239,2026-06-11,C0087,P001,CAM010,Website,Delhi,2,12255,5,24510,1225.5,23284.5,Completed,False
O00240,2026-01-28,C0003,P017,CAM006,Mobile App,Chennai,2,11522,15,23044,3456.6,19587.4,Completed,False
O00241,2026-05-16,C0074,P019,CAM003,Marketplace,Mumbai,4,16000,15,64000,9600.0,54400.0,Completed,False
O00242,2026-02-02,C0035,P004,CAM007,Mobile App,Mumbai,4,7276,5,29104,1455.2,27648.8,Completed,False
O00243,2026-03-08,C0039,P015,CAM007,Marketplace,Hyderabad,1,12877,5,12877,643.85,12233.15,Completed,False
O00244,2026-04-19,C0002,P011,CAM010,Website,Bengaluru,2,13533,10,27066,2706.6,24359.4,Completed,False
O00245,2026-05-11,C0071,P002,CAM001,Mobile App,Hyderabad,3,15417,10,46251,4625.1,41625.9,Completed,False
O00246,2026-06-08,C0017,P019,CAM005,Social,Chennai,2,11704,0,23408,0.0,23408.0,Completed,False
O00247,2026-01-09,C0066,P018,CAM002,Mobile App,Hyderabad,1,7276,10,7276,727.6,6548.4,Completed,False
O00248,2026-02-05,C0073,P012,CAM006,Website,Mumbai,4,7276,0,29104,0.0,29104.0,Completed,False
O00249,2026-02-20,C0085,P015,CAM006,Social,Chennai,3,11294,10,33882,3388.2,30493.8,Completed,False
O00250,2026-02-26,C0071,P008,CAM005,Social,Delhi,3,9015,20,27045,5409.0,21636.0,Completed,False
O00251,2026-06-30,C0031,P016,CAM010,Marketplace,Mumbai,2,11704,10,23408,2340.8,21067.2,Completed,False
O00252,2026-05-21,C0074,P009,CAM006,Social,Mumbai,4,11704,15,46816,7022.4,39793.6,Completed,False
O00253,2026-02-27,C0083,P020,CAM005,Social,Chennai,1,12255,5,12255,612.75,11642.25,Completed,False
O00254,2026-06-25,C0032,P002,CAM001,Marketplace,Delhi,2,11404,20,22808,4561.6,18246.4,Completed,False
O00255,2026-04-01,C0013,P004,CAM003,Marketplace,Mumbai,4,11524,20,46096,9219.2,36876.8,Completed,False
O00256,2026-04-01,C0090,P020,CAM009,Website,Delhi,4,12877,20,51508,10301.6,41206.4,Completed,False
O00257,2026-03-20,C0015,P006,CAM005,Marketplace,Delhi,2,16000,15,32000,4800.0,27200.0,Completed,False
O00258,2026-01-27,C0060,P007,CAM010,Mobile App,Bengaluru,3,6427,15,19281,2892.15,16388.85,Completed,False
O00259,2026-06-19,C0024,P016,CAM006,Social,Hyderabad,1,12877,10,12877,1287.7,11589.3,Completed,False
O00260,2026-01-03,C0013,P004,CAM006,Mobile App,Bengaluru,1,9072,20,9072,1814.4,7257.6,Completed,False
O00261,2026-02-01,C0078,P011,CAM005,Social,Delhi,2,13261,20,26522,5304.4,21217.6,Completed,False
O00262,2026-02-11,C0015,P006,CAM006,Marketplace,Chennai,4,13261,10,53044,5304.4,47739.6,Completed,False
O00263,2026-02-20,C0068,P004,CAM001,Marketplace,Delhi,3,12877,0,38631,0.0,38631.0,Completed,False
O00264,2026-01-24,C0070,P020,CAM001,Social,Delhi,2,2266,0,4532,0.0,4532.0,Completed,False
O00265,2026-01-04,C0007,P004,CAM005,Mobile App,Delhi,2,12255,5,24510,1225.5,23284.5,Completed,False
O00266,2026-05-03,C0018,P002,CAM006,Mobile App,Delhi,1,17174,0,17174,0.0,17174.0,Completed,False
O00267,2026-06-25,C0080,P014,CAM006,Mobile App,Hyderabad,2,6427,5,12854,642.7,12211.3,Completed,False
O00268,2026-01-23,C0051,P018,CAM005,Social,Delhi,1,11404,0,11404,0.0,-11404.0,Returned,True
O00269,2026-02-23,C0013,P003,CAM003,Social,Hyderabad,1,13533,20,13533,2706.6,10826.4,Completed,False
O00270,2026-04-02,C0100,P015,CAM008,Website,Chennai,3,15417,0,46251,0.0,46251.0,Completed,False
O00271,2026-06-17,C0027,P011,CAM007,Mobile App,Mumbai,1,2044,15,2044,306.6,-1737.4,Returned,True
O00272,2026-05-06,C0001,P017,CAM001,Mobile App,Mumbai,1,1100,5,1100,55.0,1045.0,Completed,False
O00273,2026-05-19,C0093,P003,CAM005,Marketplace,Delhi,3,7276,0,21828,0.0,21828.0,Completed,False
O00274,2026-04-16,C0002,P020,CAM008,Website,Chennai,2,12255,15,24510,3676.5,20833.5,Completed,False
O00275,2026-03-17,C0056,P013,CAM008,Marketplace,Bengaluru,2,11524,20,23048,4609.6,18438.4,Completed,False
O00276,2026-02-06,C0100,P017,CAM003,Marketplace,Mumbai,1,12877,15,12877,1931.55,10945.45,Completed,False
O00277,2026-06-06,C0058,P008,CAM010,Website,Hyderabad,1,2044,20,2044,408.8,1635.2,Completed,False
O00278,2026-05-26,C0059,P019,CAM007,Website,Delhi,2,6427,10,12854,1285.4,11568.6,Completed,False
O00279,2026-01-05,C0039,P013,CAM005,Marketplace,Delhi,3,13533,15,40599,6089.85,34509.15,Completed,False
O00280,2026-05-10,C0013,P003,CAM007,Mobile App,Bengaluru,2,11522,0,23044,0.0,23044.0,Completed,False
O00281,2026-01-16,C0058,P019,CAM009,Social,Bengaluru,3,13261,20,39783,7956.6,31826.4,Completed,False
O00282,2026-05-14,C0090,P016,CAM003,Social,Mumbai,3,12877,15,38631,5794.65,32836.35,Completed,False
O00283,2026-05-30,C0010,P007,CAM002,Social,Hyderabad,2,11522,5,23044,1152.2,-21891.8,Returned,True
O00284,2026-01-24,C0089,P011,CAM005,Marketplace,Chennai,2,9686,5,19372,968.6,18403.4,Completed,False
O00285,2026-03-20,C0042,P008,CAM001,Social,Delhi,2,15417,15,30834,4625.1,26208.9,Completed,False
O00286,2026-01-23,C0054,P011,CAM009,Website,Chennai,1,1100,0,1100,0.0,1100.0,Completed,False
O00287,2026-04-13,C0017,P020,CAM010,Mobile App,Chennai,3,11294,20,33882,6776.4,27105.6,Completed,False
O00288,2026-06-17,C0063,P018,CAM007,Website,Delhi,3,12255,5,36765,1838.25,34926.75,Completed,False
O00289,2026-01-15,C0019,P005,CAM010,Marketplace,Hyderabad,2,7276,0,14552,0.0,14552.0,Completed,False
O00290,2026-03-13,C0028,P020,CAM001,Marketplace,Chennai,2,7276,5,14552,727.6,13824.4,Completed,False
O00291,2026-06-26,C0073,P009,CAM007,Mobile App,Chennai,2,15417,20,30834,6166.8,24667.2,Completed,False
O00292,2026-02-24,C0006,P015,CAM005,Mobile App,Hyderabad,3,1100,5,3300,165.0,3135.0,Completed,False
O00293,2026-01-24,C0045,P016,CAM003,Marketplace,Mumbai,4,7276,10,29104,2910.4,26193.6,Completed,False
O00294,2026-03-30,C0060,P010,CAM004,Website,Hyderabad,1,9015,20,9015,1803.0,7212.0,Completed,False
O00295,2026-04-03,C0014,P010,CAM006,Marketplace,Chennai,2,15417,0,30834,0.0,30834.0,Completed,False
O00296,2026-04-30,C0030,P010,CAM007,Marketplace,Hyderabad,1,17174,15,17174,2576.1,14597.9,Completed,False
O00297,2026-02-26,C0035,P018,CAM002,Website,Chennai,2,11294,5,22588,1129.4,21458.6,Completed,False
O00298,2026-06-22,C0067,P008,CAM007,Website,Delhi,1,7276,15,7276,1091.4,6184.6,Completed,False
O00299,2026-04-05,C0098,P006,CAM010,Mobile App,Mumbai,2,7276,0,14552,0.0,14552.0,Completed,False
O00300,2026-02-21,C0084,P008,CAM001,Marketplace,Delhi,2,11294,0,22588,0.0,22588.0,Completed,False
O00301,2026-06-23,C0019,P004,CAM009,Mobile App,Mumbai,2,13261,15,26522,3978.3,22543.7,Completed,False
O00302,2026-06-17,C0002,P008,CAM007,Mobile App,Delhi,2,11704,20,23408,4681.6,18726.4,Completed,False
O00303,2026-04-01,C0006,P003,CAM004,Marketplace,Delhi,4,16000,20,64000,12800.0,51200.0,Completed,False
O00304,2026-01-05,C0060,P002,CAM008,Website,Chennai,4,11294,15,45176,6776.4,38399.6,Completed,False
O00305,2026-04-19,C0016,P015,CAM007,Marketplace,Chennai,1,2044,10,2044,204.4,1839.6,Completed,False
O00306,2026-04-11,C0024,P002,CAM008,Website,Mumbai,2,2044,0,4088,0.0,4088.0,Completed,False
O00307,2026-01-27,C0085,P012,CAM001,Website,Delhi,4,13533,5,54132,2706.6,51425.4,Completed,False
O00308,2026-04-25,C0088,P016,CAM001,Website,Chennai,3,11522,15,34566,5184.9,-29381.1,Returned,True
O00309,2026-06-02,C0084,P015,CAM007,Mobile App,Chennai,1,11404,5,11404,570.2,10833.8,Completed,False
O00310,2026-01-20,C0026,P009,CAM004,Website,Bengaluru,3,17174,10,51522,5152.2,46369.8,Completed,False
O00311,2026-05-11,C0062,P004,CAM003,Social,Bengaluru,1,9015,0,9015,0.0,9015.0,Completed,False
O00312,2026-01-26,C0062,P019,CAM005,Mobile App,Bengaluru,1,13533,10,13533,1353.3,12179.7,Completed,False
O00313,2026-05-16,C0019,P017,CAM008,Social,Hyderabad,3,11294,5,33882,1694.1,32187.9,Completed,False
O00314,2026-03-17,C0056,P013,CAM002,Social,Hyderabad,3,12877,0,38631,0.0,38631.0,Completed,False
O00315,2026-01-02,C0053,P002,CAM010,Social,Bengaluru,4,12255,0,49020,0.0,49020.0,Completed,False
O00316,2026-06-24,C0040,P001,CAM005,Social,Bengaluru,2,1100,10,2200,220.0,1980.0,Completed,False
O00317,2026-01-31,C0076,P007,CAM002,Website,Delhi,4,11524,5,46096,2304.8,43791.2,Completed,False
O00318,2026-04-18,C0068,P004,CAM001,Mobile App,Chennai,2,2266,0,4532,0.0,4532.0,Completed,False
O00319,2026-02-02,C0054,P018,CAM009,Marketplace,Mumbai,3,11404,10,34212,3421.2,30790.8,Completed,False
O00320,2026-06-18,C0073,P005,CAM002,Marketplace,Delhi,1,11524,0,11524,0.0,11524.0,Completed,False
O00321,2026-05-14,C0077,P006,CAM005,Website,Mumbai,1,9686,0,9686,0.0,9686.0,Completed,False
O00322,2026-05-26,C0057,P020,CAM007,Marketplace,Bengaluru,4,11704,0,46816,0.0,46816.0,Completed,False
O00323,2026-03-20,C0027,P017,CAM006,Social,Mumbai,4,17174,10,68696,6869.6,61826.4,Completed,False
O00324,2026-03-26,C0076,P005,CAM003,Social,Hyderabad,4,12877,20,51508,10301.6,41206.4,Completed,False
O00325,2026-04-25,C0072,P008,CAM002,Mobile App,Delhi,2,2266,5,4532,226.6,-4305.4,Returned,True
O00326,2026-05-23,C0099,P011,CAM008,Website,Bengaluru,1,17174,5,17174,858.7,16315.3,Completed,False
O00327,2026-06-03,C0015,P014,CAM005,Mobile App,Chennai,4,17174,5,68696,3434.8,65261.2,Completed,False
O00328,2026-01-04,C0042,P019,CAM001,Mobile App,Hyderabad,3,12255,5,36765,1838.25,34926.75,Completed,False
O00329,2026-05-01,C0093,P018,CAM002,Mobile App,Hyderabad,1,15417,15,15417,2312.55,13104.45,Completed,False
O00330,2026-01-20,C0052,P020,CAM006,Mobile App,Delhi,4,9686,5,38744,1937.2,36806.8,Completed,False
O00331,2026-02-22,C0095,P001,CAM002,Mobile App,Bengaluru,4,16000,15,64000,9600.0,54400.0,Completed,False
O00332,2026-05-31,C0002,P005,CAM004,Website,Mumbai,2,16000,20,32000,6400.0,25600.0,Completed,False
O00333,2026-02-15,C0004,P012,CAM002,Mobile App,Mumbai,4,12255,20,49020,9804.0,39216.0,Completed,False
O00334,2026-05-25,C0080,P001,CAM008,Mobile App,Bengaluru,4,6427,10,25708,2570.8,23137.2,Completed,False
O00335,2026-03-25,C0036,P008,CAM007,Website,Bengaluru,3,9015,15,27045,4056.75,22988.25,Completed,False
O00336,2026-02-12,C0053,P004,CAM008,Social,Mumbai,3,11294,20,33882,6776.4,27105.6,Completed,False
O00337,2026-03-02,C0043,P019,CAM001,Marketplace,Chennai,2,11522,15,23044,3456.6,19587.4,Completed,False
O00338,2026-04-07,C0041,P002,CAM004,Social,Mumbai,4,1100,5,4400,220.0,4180.0,Completed,False
O00339,2026-05-19,C0094,P003,CAM003,Marketplace,Chennai,4,11522,0,46088,0.0,46088.0,Completed,False
O00340,2026-04-20,C0010,P004,CAM007,Website,Mumbai,4,11522,0,46088,0.0,-46088.0,Returned,True
O00341,2026-06-18,C0078,P003,CAM009,Social,Bengaluru,3,12255,20,36765,7353.0,29412.0,Completed,False
O00342,2026-06-07,C0089,P012,CAM003,Mobile App,Hyderabad,1,1100,10,1100,110.0,990.0,Completed,False
O00343,2026-05-17,C0066,P008,CAM008,Marketplace,Chennai,2,2044,5,4088,204.4,3883.6,Completed,False
O00344,2026-04-20,C0040,P019,CAM006,Mobile App,Mumbai,2,16000,5,32000,1600.0,30400.0,Completed,False
O00345,2026-02-22,C0017,P006,CAM009,Mobile App,Hyderabad,4,7276,5,29104,1455.2,27648.8,Completed,False
O00346,2026-03-16,C0069,P011,CAM001,Mobile App,Hyderabad,3,6427,20,19281,3856.2,15424.8,Completed,False
O00347,2026-01-22,C0047,P014,CAM010,Mobile App,Hyderabad,3,9072,15,27216,4082.4,23133.6,Completed,False
O00348,2026-03-09,C0015,P013,CAM005,Marketplace,Bengaluru,1,11404,20,11404,2280.8,9123.2,Completed,False
O00349,2026-06-17,C0036,P016,CAM003,Marketplace,Delhi,4,9686,5,38744,1937.2,36806.8,Completed,False
O00350,2026-03-19,C0097,P005,CAM002,Website,Hyderabad,2,12255,10,24510,2451.0,22059.0,Completed,False
O00351,2026-01-21,C0027,P011,CAM010,Website,Hyderabad,1,13533,0,13533,0.0,13533.0,Completed,False
O00352,2026-04-28,C0018,P017,CAM009,Social,Mumbai,4,9015,20,36060,7212.0,28848.0,Completed,False
O00353,2026-06-24,C0069,P018,CAM002,Marketplace,Hyderabad,1,9686,10,9686,968.6,8717.4,Completed,False
O00354,2026-06-07,C0020,P013,CAM005,Social,Chennai,1,11704,10,11704,1170.4,10533.6,Completed,False
O00355,2026-02-19,C0092,P014,CAM008,Marketplace,Chennai,1,17174,10,17174,1717.4,-15456.6,Returned,True
O00356,2026-03-24,C0086,P018,CAM006,Marketplace,Chennai,2,12255,5,24510,1225.5,23284.5,Completed,False
O00357,2026-04-07,C0099,P013,CAM002,Social,Delhi,1,15417,20,15417,3083.4,12333.6,Completed,False
O00358,2026-02-14,C0092,P019,CAM004,Marketplace,Bengaluru,4,16000,10,64000,6400.0,57600.0,Completed,False
O00359,2026-02-18,C0025,P003,CAM004,Mobile App,Chennai,3,13533,15,40599,6089.85,34509.15,Completed,False
O00360,2026-02-12,C0022,P007,CAM003,Marketplace,Hyderabad,2,12877,0,25754,0.0,25754.0,Completed,False
O00361,2026-06-30,C0035,P003,CAM010,Website,Chennai,1,7276,5,7276,363.8,6912.2,Completed,False
O00362,2026-05-16,C0047,P002,CAM003,Mobile App,Mumbai,2,7276,20,14552,2910.4,11641.6,Completed,False
O00363,2026-06-02,C0088,P010,CAM008,Marketplace,Bengaluru,1,17174,0,17174,0.0,17174.0,Completed,False
O00364,2026-05-28,C0074,P005,CAM010,Website,Chennai,4,15417,0,61668,0.0,61668.0,Completed,False
O00365,2026-06-23,C0065,P009,CAM008,Marketplace,Delhi,2,11704,20,23408,4681.6,18726.4,Completed,False
O00366,2026-01-20,C0088,P009,CAM008,Marketplace,Chennai,2,11294,5,22588,1129.4,21458.6,Completed,False
O00367,2026-06-09,C0065,P013,CAM002,Mobile App,Hyderabad,1,11524,5,11524,576.2,10947.8,Completed,False
O00368,2026-01-13,C0038,P019,CAM002,Website,Delhi,1,13261,10,13261,1326.1,11934.9,Completed,False
O00369,2026-03-28,C0042,P017,CAM008,Marketplace,Chennai,1,6427,0,6427,0.0,6427.0,Completed,False
O00370,2026-04-18,C0052,P008,CAM008,Social,Bengaluru,1,17174,0,17174,0.0,17174.0,Completed,False
O00371,2026-03-06,C0009,P007,CAM008,Marketplace,Chennai,3,2044,0,6132,0.0,6132.0,Completed,False
O00372,2026-01-27,C0075,P016,CAM005,Mobile App,Bengaluru,4,12255,0,49020,0.0,49020.0,Completed,False
O00373,2026-02-04,C0066,P003,CAM006,Marketplace,Delhi,4,11404,0,45616,0.0,45616.0,Completed,False
O00374,2026-05-30,C0074,P011,CAM001,Mobile App,Bengaluru,2,15417,15,30834,4625.1,26208.9,Completed,False
O00375,2026-02-27,C0054,P009,CAM003,Mobile App,Hyderabad,4,7276,5,29104,1455.2,27648.8,Completed,False
O00376,2026-02-26,C0079,P004,CAM006,Mobile App,Mumbai,3,15417,0,46251,0.0,46251.0,Completed,False
O00377,2026-06-17,C0095,P013,CAM002,Website,Chennai,1,11294,0,11294,0.0,11294.0,Completed,False
O00378,2026-01-27,C0057,P007,CAM002,Social,Bengaluru,1,17174,10,17174,1717.4,15456.6,Completed,False
O00379,2026-06-15,C0045,P004,CAM001,Marketplace,Mumbai,3,9686,20,29058,5811.6,23246.4,Completed,False
O00380,2026-06-16,C0011,P014,CAM003,Website,Hyderabad,2,12877,5,25754,1287.7,-24466.3,Returned,True
O00381,2026-04-19,C0078,P004,CAM010,Social,Mumbai,1,11294,0,11294,0.0,11294.0,Completed,False
O00382,2026-01-30,C0091,P014,CAM007,Website,Chennai,4,12255,5,49020,2451.0,46569.0,Completed,False
O00383,2026-01-29,C0070,P004,CAM010,Marketplace,Hyderabad,3,15417,10,46251,4625.1,41625.9,Completed,False
O00384,2026-02-21,C0087,P009,CAM003,Website,Delhi,3,1100,0,3300,0.0,3300.0,Completed,False
O00385,2026-04-15,C0087,P017,CAM006,Mobile App,Bengaluru,4,2266,20,9064,1812.8,7251.2,Completed,False
O00386,2026-01-28,C0080,P005,CAM009,Marketplace,Mumbai,4,13533,15,54132,8119.8,46012.2,Completed,False
O00387,2026-03-24,C0051,P016,CAM004,Social,Mumbai,4,16000,5,64000,3200.0,60800.0,Completed,False
O00388,2026-01-21,C0010,P015,CAM007,Social,Mumbai,2,11294,20,22588,4517.6,18070.4,Completed,False
O00389,2026-04-08,C0001,P019,CAM007,Social,Mumbai,4,15417,5,61668,3083.4,58584.6,Completed,False
O00390,2026-01-04,C0021,P004,CAM009,Website,Chennai,3,12877,0,38631,0.0,38631.0,Completed,False
O00391,2026-05-09,C0044,P015,CAM010,Website,Mumbai,3,2044,20,6132,1226.4,4905.6,Completed,False
O00392,2026-01-11,C0075,P019,CAM007,Social,Mumbai,4,2266,20,9064,1812.8,7251.2,Completed,False
O00393,2026-02-05,C0046,P016,CAM006,Social,Chennai,1,11294,5,11294,564.7,10729.3,Completed,False
O00394,2026-02-01,C0003,P004,CAM009,Mobile App,Mumbai,2,11704,10,23408,2340.8,21067.2,Completed,False
O00395,2026-05-31,C0022,P017,CAM007,Website,Mumbai,1,11522,0,11522,0.0,11522.0,Completed,False
O00396,2026-01-10,C0098,P003,CAM004,Marketplace,Chennai,2,15417,15,30834,4625.1,26208.9,Completed,False
O00397,2026-03-19,C0099,P012,CAM007,Website,Hyderabad,2,12877,15,25754,3863.1,21890.9,Completed,False
O00398,2026-04-17,C0038,P010,CAM006,Website,Chennai,4,12877,15,51508,7726.2,43781.8,Completed,False
O00399,2026-04-04,C0081,P011,CAM003,Social,Chennai,4,2044,10,8176,817.6,7358.4,Completed,False
O00400,2026-05-04,C0072,P011,CAM006,Mobile App,Hyderabad,2,11294,15,22588,3388.2,-19199.8,Returned,True
O00401,2026-05-26,C0094,P001,CAM007,Website,Delhi,2,17174,10,34348,3434.8,30913.2,Completed,False
O00402,2026-03-13,C0089,P011,CAM010,Marketplace,Mumbai,3,11524,20,34572,6914.4,27657.6,Completed,False
O00403,2026-05-30,C0063,P019,CAM006,Mobile App,Mumbai,4,13261,0,53044,0.0,53044.0,Completed,False
O00404,2026-02-27,C0040,P009,CAM002,Marketplace,Chennai,4,12877,10,51508,5150.8,46357.2,Completed,False
O00405,2026-06-28,C0063,P006,CAM010,Social,Chennai,1,6427,10,6427,642.7,5784.3,Completed,False
O00406,2026-04-02,C0032,P020,CAM006,Website,Bengaluru,1,12255,10,12255,1225.5,-11029.5,Returned,True
O00407,2026-05-14,C0035,P002,CAM003,Marketplace,Bengaluru,3,11404,0,34212,0.0,34212.0,Completed,False
O00408,2026-06-08,C0061,P010,CAM008,Social,Mumbai,2,16000,5,32000,1600.0,30400.0,Completed,False
O00409,2026-05-24,C0058,P011,CAM004,Mobile App,Hyderabad,1,13533,20,13533,2706.6,10826.4,Completed,False
O00410,2026-06-04,C0059,P010,CAM004,Social,Delhi,1,2044,0,2044,0.0,2044.0,Completed,False
O00411,2026-04-08,C0039,P019,CAM009,Mobile App,Hyderabad,2,11404,15,22808,3421.2,19386.8,Completed,False
O00412,2026-01-08,C0041,P009,CAM009,Mobile App,Bengaluru,2,12255,15,24510,3676.5,20833.5,Completed,False
O00413,2026-03-31,C0002,P020,CAM006,Social,Chennai,3,11294,10,33882,3388.2,30493.8,Completed,False
O00414,2026-02-02,C0061,P002,CAM004,Marketplace,Chennai,1,1100,0,1100,0.0,-1100.0,Returned,True
O00415,2026-06-10,C0058,P015,CAM009,Social,Chennai,3,11522,0,34566,0.0,34566.0,Completed,False
O00416,2026-02-12,C0094,P012,CAM002,Social,Chennai,3,9686,5,29058,1452.9,27605.1,Completed,False
O00417,2026-02-11,C0051,P005,CAM008,Marketplace,Mumbai,2,13533,0,27066,0.0,27066.0,Completed,False
O00418,2026-02-15,C0047,P005,CAM006,Website,Bengaluru,1,11294,0,11294,0.0,11294.0,Completed,False
O00419,2026-04-27,C0007,P015,CAM009,Mobile App,Hyderabad,3,11404,0,34212,0.0,34212.0,Completed,False
O00420,2026-04-14,C0020,P013,CAM005,Social,Hyderabad,3,11522,0,34566,0.0,-34566.0,Returned,True
O00421,2026-06-21,C0034,P013,CAM009,Marketplace,Bengaluru,2,6427,20,12854,2570.8,10283.2,Completed,False
O00422,2026-03-17,C0038,P002,CAM001,Mobile App,Chennai,2,16000,15,32000,4800.0,27200.0,Completed,False
O00423,2026-02-21,C0037,P012,CAM008,Mobile App,Chennai,3,15417,0,46251,0.0,46251.0,Completed,False
O00424,2026-01-09,C0040,P020,CAM001,Social,Delhi,2,17174,15,34348,5152.2,-29195.8,Returned,True
O00425,2026-01-02,C0077,P001,CAM007,Website,Hyderabad,2,16000,0,32000,0.0,32000.0,Completed,False
O00426,2026-03-09,C0014,P010,CAM002,Website,Chennai,2,11404,10,22808,2280.8,20527.2,Completed,False
O00427,2026-06-17,C0034,P010,CAM010,Social,Delhi,2,9686,0,19372,0.0,19372.0,Completed,False
O00428,2026-04-05,C0017,P018,CAM008,Mobile App,Hyderabad,3,11522,0,34566,0.0,-34566.0,Returned,True
O00429,2026-06-11,C0031,P006,CAM002,Social,Hyderabad,2,12877,0,25754,0.0,25754.0,Completed,False
O00430,2026-01-19,C0069,P010,CAM009,Marketplace,Mumbai,2,11524,10,23048,2304.8,20743.2,Completed,False
O00431,2026-01-17,C0005,P015,CAM003,Social,Hyderabad,3,9686,10,29058,2905.8,26152.2,Completed,False
O00432,2026-05-31,C0034,P002,CAM006,Marketplace,Chennai,2,7276,5,14552,727.6,13824.4,Completed,False
O00433,2026-01-20,C0003,P017,CAM001,Social,Bengaluru,1,15417,15,15417,2312.55,13104.45,Completed,False
O00434,2026-01-10,C0096,P017,CAM002,Social,Delhi,4,15417,15,61668,9250.2,52417.8,Completed,False
O00435,2026-03-15,C0073,P015,CAM003,Website,Hyderabad,1,13533,15,13533,2029.95,11503.05,Completed,False
O00436,2026-06-17,C0025,P013,CAM006,Social,Mumbai,3,1100,10,3300,330.0,2970.0,Completed,False
O00437,2026-05-05,C0020,P015,CAM006,Marketplace,Chennai,2,17174,10,34348,3434.8,30913.2,Completed,False
O00438,2026-01-18,C0010,P016,CAM009,Website,Mumbai,1,9015,10,9015,901.5,8113.5,Completed,False
O00439,2026-06-01,C0048,P019,CAM002,Website,Bengaluru,1,12877,5,12877,643.85,12233.15,Completed,False
O00440,2026-06-02,C0076,P009,CAM008,Mobile App,Hyderabad,4,1100,10,4400,440.0,-3960.0,Returned,True
O00441,2026-05-25,C0059,P010,CAM001,Website,Bengaluru,2,9686,0,19372,0.0,-19372.0,Returned,True
O00442,2026-06-13,C0089,P013,CAM003,Mobile App,Chennai,2,9686,20,19372,3874.4,15497.6,Completed,False
O00443,2026-02-13,C0035,P004,CAM002,Social,Bengaluru,3,12255,5,36765,1838.25,34926.75,Completed,False
O00444,2026-06-27,C0028,P018,CAM002,Mobile App,Delhi,1,12255,15,12255,1838.25,10416.75,Completed,False
O00445,2026-02-28,C0048,P016,CAM006,Website,Hyderabad,3,11524,20,34572,6914.4,27657.6,Completed,False
O00446,2026-05-26,C0021,P013,CAM010,Mobile App,Delhi,2,9072,10,18144,1814.4,16329.6,Completed,False
O00447,2026-04-15,C0098,P007,CAM007,Website,Delhi,3,7276,20,21828,4365.6,17462.4,Completed,False
O00448,2026-05-22,C0019,P007,CAM009,Social,Hyderabad,1,15417,10,15417,1541.7,13875.3,Completed,False
O00449,2026-04-24,C0048,P009,CAM006,Website,Hyderabad,4,7276,0,29104,0.0,29104.0,Completed,False
O00450,2026-04-27,C0053,P014,CAM001,Social,Hyderabad,1,1100,0,1100,0.0,1100.0,Completed,False
O00451,2026-04-22,C0006,P016,CAM004,Mobile App,Mumbai,3,1100,0,3300,0.0,3300.0,Completed,False
O00452,2026-05-21,C0047,P014,CAM009,Website,Chennai,3,11404,20,34212,6842.4,27369.6,Completed,False
O00453,2026-05-14,C0046,P019,CAM001,Marketplace,Hyderabad,2,11404,10,22808,2280.8,20527.2,Completed,False
O00454,2026-01-25,C0026,P020,CAM001,Mobile App,Mumbai,1,11524,5,11524,576.2,10947.8,Completed,False
O00455,2026-05-30,C0013,P015,CAM009,Social,Delhi,2,9072,10,18144,1814.4,16329.6,Completed,False
O00456,2026-04-08,C0005,P008,CAM001,Marketplace,Bengaluru,4,15417,5,61668,3083.4,58584.6,Completed,False
O00457,2026-02-28,C0001,P012,CAM010,Social,Hyderabad,4,16000,20,64000,12800.0,51200.0,Completed,False
O00458,2026-04-04,C0049,P009,CAM008,Mobile App,Delhi,4,12255,20,49020,9804.0,39216.0,Completed,False
O00459,2026-06-25,C0009,P013,CAM007,Website,Delhi,1,11294,0,11294,0.0,11294.0,Completed,False
O00460,2026-06-05,C0096,P017,CAM006,Website,Hyderabad,3,16000,15,48000,7200.0,40800.0,Completed,False
O00461,2026-05-31,C0025,P008,CAM001,Mobile App,Mumbai,1,9072,5,9072,453.6,8618.4,Completed,False
O00462,2026-03-25,C0066,P011,CAM005,Mobile App,Chennai,3,12877,0,38631,0.0,38631.0,Completed,False
O00463,2026-05-22,C0068,P001,CAM009,Social,Hyderabad,2,11524,20,23048,4609.6,18438.4,Completed,False
O00464,2026-03-11,C0050,P015,CAM010,Mobile App,Bengaluru,3,1100,0,3300,0.0,3300.0,Completed,False
O00465,2026-05-05,C0089,P010,CAM005,Social,Hyderabad,3,2044,5,6132,306.6,5825.4,Completed,False
O00466,2026-04-26,C0012,P010,CAM009,Website,Mumbai,4,17174,0,68696,0.0,68696.0,Completed,False
O00467,2026-02-15,C0024,P011,CAM008,Mobile App,Chennai,2,15417,10,30834,3083.4,27750.6,Completed,False
O00468,2026-02-18,C0026,P005,CAM001,Social,Chennai,2,9686,10,19372,1937.2,17434.8,Completed,False
O00469,2026-01-12,C0014,P012,CAM007,Website,Delhi,3,11294,5,33882,1694.1,32187.9,Completed,False
O00470,2026-01-26,C0030,P015,CAM007,Mobile App,Hyderabad,1,2266,0,2266,0.0,2266.0,Completed,False
O00471,2026-03-20,C0032,P007,CAM006,Social,Mumbai,1,12255,0,12255,0.0,12255.0,Completed,False
O00472,2026-03-28,C0077,P003,CAM008,Marketplace,Bengaluru,3,9015,20,27045,5409.0,21636.0,Completed,False
O00473,2026-01-30,C0031,P008,CAM009,Social,Chennai,4,13533,20,54132,10826.4,43305.6,Completed,False
O00474,2026-03-17,C0088,P004,CAM006,Marketplace,Delhi,3,17174,20,51522,10304.4,41217.6,Completed,False
O00475,2026-04-20,C0078,P008,CAM004,Social,Delhi,4,2044,10,8176,817.6,7358.4,Completed,False
O00476,2026-02-12,C0091,P013,CAM010,Social,Delhi,1,17174,10,17174,1717.4,15456.6,Completed,False
O00477,2026-03-03,C0011,P003,CAM010,Social,Mumbai,2,12255,15,24510,3676.5,20833.5,Completed,False
O00478,2026-03-08,C0099,P015,CAM007,Website,Hyderabad,3,13261,15,39783,5967.45,33815.55,Completed,False
O00479,2026-04-02,C0062,P005,CAM007,Marketplace,Bengaluru,2,9072,10,18144,1814.4,16329.6,Completed,False
O00480,2026-03-08,C0099,P018,CAM002,Website,Bengaluru,1,1100,5,1100,55.0,1045.0,Completed,False
O00481,2026-05-14,C0036,P015,CAM005,Website,Bengaluru,1,9015,10,9015,901.5,8113.5,Completed,False
O00482,2026-03-01,C0096,P006,CAM002,Mobile App,Hyderabad,4,17174,0,68696,0.0,68696.0,Completed,False
O00483,2026-03-20,C0059,P012,CAM006,Marketplace,Bengaluru,3,2044,0,6132,0.0,6132.0,Completed,False
O00484,2026-03-10,C0008,P003,CAM009,Mobile App,Delhi,2,11524,15,23048,3457.2,19590.8,Completed,False
O00485,2026-02-03,C0042,P002,CAM003,Social,Hyderabad,2,11524,20,23048,4609.6,-18438.4,Returned,True
O00486,2026-05-05,C0014,P020,CAM010,Mobile App,Delhi,1,9015,0,9015,0.0,9015.0,Completed,False
O00487,2026-02-12,C0095,P017,CAM002,Marketplace,Hyderabad,4,11704,0,46816,0.0,46816.0,Completed,False
O00488,2026-02-23,C0031,P004,CAM001,Social,Bengaluru,1,9072,0,9072,0.0,9072.0,Completed,False
O00489,2026-05-24,C0023,P006,CAM010,Social,Chennai,4,11704,15,46816,7022.4,39793.6,Completed,False
O00490,2026-06-21,C0056,P004,CAM002,Website,Chennai,1,11294,5,11294,564.7,10729.3,Completed,False
O00491,2026-05-02,C0043,P008,CAM008,Marketplace,Delhi,2,11524,5,23048,1152.4,21895.6,Completed,False
O00492,2026-06-15,C0010,P006,CAM008,Website,Delhi,2,11524,0,23048,0.0,23048.0,Completed,False
O00493,2026-06-04,C0082,P007,CAM004,Marketplace,Chennai,4,7276,20,29104,5820.8,23283.2,Completed,False
O00494,2026-03-29,C0085,P011,CAM001,Mobile App,Mumbai,1,12255,10,12255,1225.5,11029.5,Completed,False
O00495,2026-05-20,C0075,P004,CAM004,Social,Bengaluru,2,11522,15,23044,3456.6,19587.4,Completed,False
O00496,2026-03-01,C0062,P018,CAM001,Social,Chennai,2,15417,15,30834,4625.1,26208.9,Completed,False
O00497,2026-03-25,C0041,P015,CAM007,Social,Mumbai,2,11404,0,22808,0.0,22808.0,Completed,False
O00498,2026-04-07,C0055,P016,CAM009,Social,Chennai,1,11704,20,11704,2340.8,-9363.2,Returned,True
O00499,2026-06-23,C0053,P004,CAM010,Mobile App,Delhi,4,11704,10,46816,4681.6,42134.4,Completed,False
O00500,2026-06-03,C0017,P015,CAM009,Marketplace,Chennai,2,9686,15,19372,2905.8,16466.2,Completed,False
O00501,2026-03-30,C0009,P017,CAM008,Website,Chennai,2,11522,5,23044,1152.2,21891.8,Completed,False
O00502,2026-04-29,C0026,P004,CAM009,Marketplace,Bengaluru,2,16000,20,32000,6400.0,25600.0,Completed,False
O00503,2026-02-06,C0046,P016,CAM008,Website,Delhi,4,12255,20,49020,9804.0,39216.0,Completed,False
O00504,2026-05-26,C0017,P008,CAM007,Marketplace,Chennai,2,6427,10,12854,1285.4,11568.6,Completed,False
O00505,2026-04-11,C0011,P016,CAM010,Social,Bengaluru,2,2044,0,4088,0.0,4088.0,Completed,False
O00506,2026-04-07,C0086,P010,CAM004,Marketplace,Mumbai,2,13261,20,26522,5304.4,21217.6,Completed,False
O00507,2026-05-19,C0038,P017,CAM005,Social,Delhi,2,9686,20,19372,3874.4,15497.6,Completed,False
O00508,2026-04-25,C0059,P003,CAM010,Website,Hyderabad,1,15417,10,15417,1541.7,13875.3,Completed,False
O00509,2026-01-14,C0053,P008,CAM004,Social,Chennai,3,11524,10,34572,3457.2,31114.8,Completed,False
O00510,2026-02-22,C0074,P006,CAM003,Marketplace,Hyderabad,1,1100,5,1100,55.0,-1045.0,Returned,True
O00511,2026-02-01,C0074,P005,CAM002,Marketplace,Bengaluru,1,1100,0,1100,0.0,1100.0,Completed,False
O00512,2026-05-14,C0030,P007,CAM003,Social,Mumbai,1,9072,20,9072,1814.4,7257.6,Completed,False
O00513,2026-01-07,C0085,P008,CAM006,Marketplace,Hyderabad,2,16000,10,32000,3200.0,28800.0,Completed,False
O00514,2026-02-06,C0038,P003,CAM009,Mobile App,Bengaluru,4,11522,5,46088,2304.4,43783.6,Completed,False
O00515,2026-04-19,C0084,P015,CAM002,Marketplace,Delhi,3,9686,15,29058,4358.7,24699.3,Completed,False
O00516,2026-05-06,C0041,P012,CAM007,Marketplace,Mumbai,4,11294,0,45176,0.0,45176.0,Completed,False
O00517,2026-04-02,C0012,P017,CAM008,Social,Mumbai,2,9072,0,18144,0.0,18144.0,Completed,False
O00518,2026-06-05,C0077,P015,CAM009,Mobile App,Chennai,4,2044,5,8176,408.8,7767.2,Completed,False
O00519,2026-06-16,C0004,P003,CAM008,Marketplace,Mumbai,1,11294,10,11294,1129.4,10164.6,Completed,False
O00520,2026-01-24,C0078,P002,CAM002,Marketplace,Hyderabad,3,11522,5,34566,1728.3,32837.7,Completed,False
O00521,2026-06-22,C0005,P009,CAM005,Website,Hyderabad,4,11294,0,45176,0.0,45176.0,Completed,False
O00522,2026-04-22,C0021,P010,CAM010,Website,Chennai,3,12877,5,38631,1931.55,36699.45,Completed,False
O00523,2026-04-26,C0061,P005,CAM010,Website,Chennai,4,6427,5,25708,1285.4,24422.6,Completed,False
O00524,2026-01-18,C0095,P016,CAM007,Marketplace,Bengaluru,2,9686,10,19372,1937.2,17434.8,Completed,False
O00525,2026-04-23,C0041,P012,CAM010,Mobile App,Mumbai,1,13533,10,13533,1353.3,12179.7,Completed,False
O00526,2026-05-12,C0013,P015,CAM007,Social,Bengaluru,4,11524,20,46096,9219.2,36876.8,Completed,False
O00527,2026-04-16,C0024,P003,CAM001,Marketplace,Hyderabad,1,11522,20,11522,2304.4,9217.6,Completed,False
O00528,2026-01-16,C0090,P017,CAM010,Website,Mumbai,4,16000,5,64000,3200.0,60800.0,Completed,False
O00529,2026-04-05,C0073,P005,CAM002,Website,Mumbai,3,13533,20,40599,8119.8,32479.2,Completed,False
O00530,2026-06-19,C0011,P009,CAM004,Mobile App,Hyderabad,4,11294,10,45176,4517.6,40658.4,Completed,False
O00531,2026-05-11,C0039,P009,CAM003,Social,Delhi,2,9015,0,18030,0.0,18030.0,Completed,False
O00532,2026-01-25,C0027,P017,CAM008,Website,Delhi,4,13533,5,54132,2706.6,51425.4,Completed,False
O00533,2026-06-23,C0018,P006,CAM001,Website,Bengaluru,1,2044,15,2044,306.6,-1737.4,Returned,True
O00534,2026-06-23,C0085,P005,CAM007,Website,Chennai,2,12255,20,24510,4902.0,19608.0,Completed,False
O00535,2026-01-31,C0062,P007,CAM009,Mobile App,Chennai,1,11524,5,11524,576.2,10947.8,Completed,False
O00536,2026-05-25,C0018,P008,CAM008,Social,Mumbai,4,9686,0,38744,0.0,38744.0,Completed,False
O00537,2026-03-15,C0066,P004,CAM004,Marketplace,Delhi,3,17174,0,51522,0.0,51522.0,Completed,False
O00538,2026-04-18,C0042,P004,CAM009,Mobile App,Hyderabad,4,6427,0,25708,0.0,25708.0,Completed,False
O00539,2026-03-22,C0007,P005,CAM004,Website,Mumbai,4,1100,15,4400,660.0,3740.0,Completed,False
O00540,2026-05-22,C0045,P010,CAM007,Mobile App,Mumbai,2,15417,10,30834,3083.4,27750.6,Completed,False
O00541,2026-06-30,C0019,P007,CAM006,Marketplace,Mumbai,1,12877,10,12877,1287.7,11589.3,Completed,False
O00542,2026-05-24,C0025,P008,CAM001,Mobile App,Hyderabad,4,6427,15,25708,3856.2,21851.8,Completed,False
O00543,2026-06-18,C0088,P015,CAM001,Marketplace,Bengaluru,2,9686,20,19372,3874.4,15497.6,Completed,False
O00544,2026-06-21,C0072,P005,CAM002,Social,Hyderabad,1,17174,15,17174,2576.1,14597.9,Completed,False
O00545,2026-01-17,C0014,P019,CAM010,Website,Delhi,4,6427,0,25708,0.0,25708.0,Completed,False
O00546,2026-02-15,C0086,P016,CAM010,Mobile App,Chennai,4,9686,10,38744,3874.4,34869.6,Completed,False
O00547,2026-05-11,C0058,P004,CAM005,Website,Chennai,2,6427,20,12854,2570.8,10283.2,Completed,False
O00548,2026-04-17,C0088,P007,CAM010,Marketplace,Hyderabad,4,12877,15,51508,7726.2,43781.8,Completed,False
O00549,2026-01-10,C0075,P004,CAM001,Mobile App,Delhi,1,9015,5,9015,450.75,8564.25,Completed,False
O00550,2026-01-18,C0034,P006,CAM010,Mobile App,Mumbai,1,9072,5,9072,453.6,8618.4,Completed,False
O00551,2026-04-05,C0054,P008,CAM003,Website,Bengaluru,2,7276,20,14552,2910.4,11641.6,Completed,False
O00552,2026-04-22,C0054,P003,CAM001,Website,Delhi,3,17174,0,51522,0.0,51522.0,Completed,False
O00553,2026-01-31,C0072,P001,CAM008,Mobile App,Bengaluru,1,9072,10,9072,907.2,8164.8,Completed,False
O00554,2026-02-01,C0025,P009,CAM004,Marketplace,Bengaluru,1,16000,0,16000,0.0,-16000.0,Returned,True
O00555,2026-01-24,C0034,P015,CAM003,Website,Hyderabad,3,11524,20,34572,6914.4,27657.6,Completed,False
O00556,2026-04-13,C0025,P007,CAM008,Website,Chennai,4,12255,0,49020,0.0,-49020.0,Returned,True
O00557,2026-01-02,C0030,P018,CAM004,Mobile App,Delhi,3,13261,0,39783,0.0,39783.0,Completed,False
O00558,2026-04-14,C0017,P008,CAM008,Marketplace,Mumbai,4,13533,5,54132,2706.6,51425.4,Completed,False
O00559,2026-03-28,C0004,P019,CAM002,Mobile App,Bengaluru,4,11294,5,45176,2258.8,42917.2,Completed,False
O00560,2026-03-26,C0095,P005,CAM001,Mobile App,Bengaluru,3,1100,10,3300,330.0,2970.0,Completed,False
O00561,2026-05-03,C0008,P011,CAM004,Website,Mumbai,3,11704,5,35112,1755.6,33356.4,Completed,False
O00562,2026-04-05,C0089,P016,CAM007,Marketplace,Bengaluru,4,6427,5,25708,1285.4,24422.6,Completed,False
O00563,2026-05-12,C0001,P002,CAM003,Social,Chennai,2,7276,10,14552,1455.2,13096.8,Completed,False
O00564,2026-05-19,C0078,P019,CAM002,Social,Mumbai,1,1100,10,1100,110.0,-990.0,Returned,True
O00565,2026-06-16,C0033,P008,CAM008,Marketplace,Chennai,4,11524,20,46096,9219.2,36876.8,Completed,False
O00566,2026-05-25,C0052,P010,CAM005,Marketplace,Chennai,2,11404,10,22808,2280.8,-20527.2,Returned,True
O00567,2026-04-04,C0029,P013,CAM005,Mobile App,Mumbai,4,11524,10,46096,4609.6,41486.4,Completed,False
O00568,2026-03-31,C0050,P013,CAM003,Website,Chennai,2,11404,15,22808,3421.2,19386.8,Completed,False
O00569,2026-02-12,C0046,P001,CAM001,Mobile App,Bengaluru,4,11294,0,45176,0.0,45176.0,Completed,False
O00570,2026-04-19,C0053,P018,CAM001,Marketplace,Mumbai,1,11524,15,11524,1728.6,9795.4,Completed,False
O00571,2026-01-26,C0040,P013,CAM007,Marketplace,Hyderabad,3,11704,20,35112,7022.4,28089.6,Completed,False
O00572,2026-06-18,C0054,P020,CAM001,Social,Hyderabad,2,11404,5,22808,1140.4,21667.6,Completed,False
O00573,2026-06-02,C0083,P010,CAM003,Social,Chennai,2,6427,0,12854,0.0,12854.0,Completed,False
O00574,2026-01-22,C0044,P013,CAM010,Website,Hyderabad,2,7276,5,14552,727.6,13824.4,Completed,False
O00575,2026-05-23,C0037,P009,CAM004,Website,Chennai,4,2266,5,9064,453.2,8610.8,Completed,False
O00576,2026-01-22,C0014,P018,CAM008,Mobile App,Bengaluru,2,13261,10,26522,2652.2,23869.8,Completed,False
O00577,2026-05-11,C0036,P017,CAM004,Social,Hyderabad,4,11294,20,45176,9035.2,-36140.8,Returned,True
O00578,2026-01-16,C0013,P019,CAM010,Social,Chennai,2,2044,10,4088,408.8,3679.2,Completed,False
O00579,2026-03-30,C0019,P011,CAM009,Website,Delhi,1,9072,0,9072,0.0,-9072.0,Returned,True
O00580,2026-04-30,C0096,P016,CAM005,Website,Delhi,4,13533,5,54132,2706.6,51425.4,Completed,False
O00581,2026-05-12,C0009,P008,CAM007,Marketplace,Mumbai,1,11294,15,11294,1694.1,9599.9,Completed,False
O00582,2026-03-17,C0049,P010,CAM005,Marketplace,Delhi,2,7276,5,14552,727.6,13824.4,Completed,False
O00583,2026-06-16,C0084,P016,CAM010,Social,Chennai,4,11524,10,46096,4609.6,41486.4,Completed,False
O00584,2026-05-21,C0096,P002,CAM004,Social,Mumbai,4,11704,15,46816,7022.4,39793.6,Completed,False
O00585,2026-02-07,C0015,P015,CAM009,Website,Mumbai,4,13533,5,54132,2706.6,51425.4,Completed,False
O00586,2026-05-02,C0017,P001,CAM007,Website,Delhi,2,11404,15,22808,3421.2,19386.8,Completed,False
O00587,2026-05-13,C0038,P012,CAM007,Marketplace,Mumbai,4,13533,5,54132,2706.6,51425.4,Completed,False
O00588,2026-03-02,C0056,P010,CAM004,Marketplace,Bengaluru,2,12255,0,24510,0.0,24510.0,Completed,False
O00589,2026-05-14,C0096,P010,CAM009,Social,Hyderabad,3,12255,5,36765,1838.25,34926.75,Completed,False
O00590,2026-06-12,C0021,P010,CAM008,Marketplace,Mumbai,3,9015,10,27045,2704.5,24340.5,Completed,False
O00591,2026-05-28,C0017,P010,CAM009,Marketplace,Delhi,1,11522,0,11522,0.0,11522.0,Completed,False
O00592,2026-05-19,C0026,P009,CAM009,Mobile App,Delhi,2,9686,20,19372,3874.4,-15497.6,Returned,True
O00593,2026-04-25,C0088,P010,CAM002,Website,Hyderabad,2,11522,10,23044,2304.4,20739.6,Completed,False
O00594,2026-02-18,C0004,P012,CAM009,Social,Delhi,2,6427,0,12854,0.0,12854.0,Completed,False
O00595,2026-05-24,C0039,P016,CAM009,Social,Delhi,2,17174,20,34348,6869.6,-27478.4,Returned,True
O00596,2026-03-07,C0012,P012,CAM003,Website,Hyderabad,3,1100,20,3300,660.0,2640.0,Completed,False
O00597,2026-04-07,C0016,P013,CAM010,Marketplace,Hyderabad,1,9686,0,9686,0.0,9686.0,Completed,False
O00598,2026-02-26,C0092,P017,CAM006,Mobile App,Bengaluru,1,9072,0,9072,0.0,9072.0,Completed,False
O00599,2026-02-26,C0001,P020,CAM004,Mobile App,Delhi,4,17174,5,68696,3434.8,65261.2,Completed,False
O00600,2026-01-29,C0033,P003,CAM003,Social,Bengaluru,2,6427,10,12854,1285.4,11568.6,Completed,False
O00601,2026-06-23,C0092,P015,CAM004,Social,Hyderabad,3,2266,15,6798,1019.7,5778.3,Completed,False
O00602,2026-01-27,C0061,P005,CAM001,Website,Bengaluru,3,15417,10,46251,4625.1,41625.9,Completed,False
O00603,2026-01-16,C0008,P004,CAM007,Mobile App,Mumbai,3,11404,15,34212,5131.8,-29080.2,Returned,True
O00604,2026-06-19,C0047,P016,CAM008,Social,Bengaluru,2,2266,0,4532,0.0,4532.0,Completed,False
O00605,2026-04-11,C0098,P002,CAM007,Social,Delhi,2,11294,15,22588,3388.2,19199.8,Completed,False
O00606,2026-03-21,C0041,P017,CAM006,Website,Bengaluru,4,11524,20,46096,9219.2,36876.8,Completed,False
O00607,2026-05-14,C0053,P016,CAM004,Social,Bengaluru,4,13261,10,53044,5304.4,47739.6,Completed,False
O00608,2026-03-11,C0054,P020,CAM008,Mobile App,Chennai,2,11522,10,23044,2304.4,20739.6,Completed,False
O00609,2026-01-24,C0067,P014,CAM009,Marketplace,Hyderabad,3,11524,5,34572,1728.6,-32843.4,Returned,True
O00610,2026-05-13,C0019,P018,CAM001,Website,Chennai,4,13261,20,53044,10608.8,42435.2,Completed,False
O00611,2026-02-01,C0084,P003,CAM004,Marketplace,Chennai,1,12877,0,12877,0.0,12877.0,Completed,False
O00612,2026-04-11,C0099,P018,CAM010,Marketplace,Delhi,4,13261,5,53044,2652.2,50391.8,Completed,False
O00613,2026-06-21,C0015,P004,CAM009,Marketplace,Chennai,2,6427,0,12854,0.0,12854.0,Completed,False
O00614,2026-06-19,C0082,P007,CAM010,Social,Mumbai,4,13261,20,53044,10608.8,42435.2,Completed,False
O00615,2026-03-07,C0082,P003,CAM002,Social,Chennai,3,13533,10,40599,4059.9,36539.1,Completed,False
O00616,2026-05-22,C0075,P009,CAM005,Social,Bengaluru,4,2266,20,9064,1812.8,7251.2,Completed,False
O00617,2026-04-21,C0038,P015,CAM002,Marketplace,Mumbai,1,17174,15,17174,2576.1,14597.9,Completed,False
O00618,2026-03-28,C0047,P006,CAM009,Social,Delhi,1,15417,10,15417,1541.7,13875.3,Completed,False
O00619,2026-01-26,C0084,P017,CAM006,Marketplace,Mumbai,4,2044,10,8176,817.6,7358.4,Completed,False
O00620,2026-03-10,C0016,P013,CAM003,Marketplace,Bengaluru,3,17174,5,51522,2576.1,48945.9,Completed,False
O00621,2026-04-28,C0083,P013,CAM001,Marketplace,Bengaluru,3,6427,10,19281,1928.1,17352.9,Completed,False
O00622,2026-06-28,C0093,P019,CAM008,Social,Hyderabad,1,11404,15,11404,1710.6,9693.4,Completed,False
O00623,2026-01-01,C0069,P009,CAM009,Website,Mumbai,1,17174,20,17174,3434.8,13739.2,Completed,False
O00624,2026-05-10,C0035,P007,CAM009,Marketplace,Bengaluru,4,11404,10,45616,4561.6,41054.4,Completed,False
O00625,2026-06-03,C0056,P020,CAM010,Mobile App,Delhi,2,16000,20,32000,6400.0,25600.0,Completed,False
O00626,2026-06-22,C0006,P012,CAM009,Social,Chennai,3,11524,20,34572,6914.4,27657.6,Completed,False
O00627,2026-03-18,C0094,P013,CAM008,Website,Chennai,2,11294,10,22588,2258.8,20329.2,Completed,False
O00628,2026-01-22,C0035,P006,CAM009,Marketplace,Hyderabad,2,7276,10,14552,1455.2,-13096.8,Returned,True
O00629,2026-02-19,C0006,P005,CAM010,Website,Mumbai,1,12877,0,12877,0.0,12877.0,Completed,False
O00630,2026-06-03,C0080,P004,CAM005,Social,Chennai,4,15417,5,61668,3083.4,-58584.6,Returned,True
O00631,2026-06-08,C0066,P005,CAM008,Social,Delhi,4,11524,20,46096,9219.2,36876.8,Completed,False
O00632,2026-04-26,C0063,P004,CAM009,Website,Delhi,1,12255,0,12255,0.0,-12255.0,Returned,True
O00633,2026-01-23,C0006,P015,CAM002,Social,Mumbai,2,16000,5,32000,1600.0,30400.0,Completed,False
O00634,2026-01-23,C0076,P002,CAM007,Mobile App,Delhi,3,13533,15,40599,6089.85,34509.15,Completed,False
O00635,2026-03-28,C0064,P013,CAM004,Social,Delhi,2,12877,5,25754,1287.7,24466.3,Completed,False
O00636,2026-04-17,C0080,P019,CAM002,Marketplace,Bengaluru,3,16000,20,48000,9600.0,38400.0,Completed,False
O00637,2026-01-06,C0083,P016,CAM002,Website,Bengaluru,2,17174,15,34348,5152.2,29195.8,Completed,False
O00638,2026-05-05,C0022,P009,CAM002,Website,Delhi,1,9015,0,9015,0.0,9015.0,Completed,False
O00639,2026-04-09,C0022,P002,CAM009,Mobile App,Bengaluru,2,12255,5,24510,1225.5,23284.5,Completed,False
O00640,2026-01-03,C0093,P017,CAM008,Website,Hyderabad,3,12255,15,36765,5514.75,31250.25,Completed,False
O00641,2026-01-18,C0054,P001,CAM002,Website,Bengaluru,1,13533,20,13533,2706.6,10826.4,Completed,False
O00642,2026-03-24,C0044,P014,CAM007,Social,Hyderabad,4,11294,20,45176,9035.2,36140.8,Completed,False
O00643,2026-05-11,C0029,P014,CAM007,Social,Delhi,1,11524,20,11524,2304.8,9219.2,Completed,False
O00644,2026-05-30,C0064,P004,CAM006,Mobile App,Chennai,1,2266,0,2266,0.0,2266.0,Completed,False
O00645,2026-03-20,C0076,P015,CAM007,Website,Mumbai,3,1100,15,3300,495.0,2805.0,Completed,False
O00646,2026-02-23,C0001,P004,CAM010,Website,Mumbai,3,15417,0,46251,0.0,46251.0,Completed,False
O00647,2026-06-25,C0056,P005,CAM006,Social,Delhi,2,11524,0,23048,0.0,23048.0,Completed,False
O00648,2026-03-24,C0100,P017,CAM007,Mobile App,Delhi,2,11404,15,22808,3421.2,19386.8,Completed,False
O00649,2026-02-27,C0029,P020,CAM006,Website,Mumbai,1,6427,10,6427,642.7,5784.3,Completed,False
O00650,2026-03-22,C0029,P006,CAM004,Mobile App,Chennai,3,6427,15,19281,2892.15,16388.85,Completed,False
O00651,2026-01-03,C0088,P019,CAM009,Mobile App,Hyderabad,2,2044,20,4088,817.6,3270.4,Completed,False
O00652,2026-02-24,C0007,P019,CAM005,Marketplace,Mumbai,1,9015,0,9015,0.0,9015.0,Completed,False
O00653,2026-04-04,C0040,P016,CAM008,Mobile App,Delhi,2,9072,10,18144,1814.4,16329.6,Completed,False
O00654,2026-06-16,C0046,P003,CAM007,Social,Bengaluru,4,12877,20,51508,10301.6,41206.4,Completed,False
O00655,2026-05-14,C0080,P006,CAM007,Marketplace,Hyderabad,2,2266,10,4532,453.2,-4078.8,Returned,True
O00656,2026-05-22,C0013,P014,CAM008,Social,Bengaluru,4,13533,10,54132,5413.2,48718.8,Completed,False
O00657,2026-04-09,C0044,P020,CAM008,Mobile App,Mumbai,2,12877,10,25754,2575.4,23178.6,Completed,False
O00658,2026-01-21,C0016,P017,CAM006,Marketplace,Chennai,1,11294,20,11294,2258.8,9035.2,Completed,False
O00659,2026-03-12,C0079,P009,CAM007,Mobile App,Mumbai,2,2266,0,4532,0.0,4532.0,Completed,False
O00660,2026-06-30,C0064,P005,CAM006,Marketplace,Bengaluru,2,13261,20,26522,5304.4,21217.6,Completed,False
O00661,2026-01-08,C0050,P020,CAM004,Marketplace,Delhi,1,11522,20,11522,2304.4,9217.6,Completed,False
O00662,2026-06-09,C0040,P006,CAM008,Mobile App,Bengaluru,3,17174,20,51522,10304.4,41217.6,Completed,False
O00663,2026-05-04,C0016,P007,CAM009,Social,Hyderabad,2,2266,10,4532,453.2,4078.8,Completed,False
O00664,2026-02-21,C0093,P020,CAM008,Social,Bengaluru,3,2044,10,6132,613.2,5518.8,Completed,False
O00665,2026-05-21,C0065,P012,CAM008,Social,Mumbai,2,11294,5,22588,1129.4,21458.6,Completed,False
O00666,2026-06-01,C0032,P006,CAM009,Website,Hyderabad,2,16000,5,32000,1600.0,30400.0,Completed,False
O00667,2026-01-08,C0042,P001,CAM004,Marketplace,Bengaluru,2,6427,20,12854,2570.8,10283.2,Completed,False
O00668,2026-01-20,C0073,P009,CAM001,Website,Bengaluru,1,9686,10,9686,968.6,8717.4,Completed,False
O00669,2026-05-01,C0072,P020,CAM004,Website,Delhi,3,7276,15,21828,3274.2,18553.8,Completed,False
O00670,2026-06-30,C0047,P009,CAM008,Social,Bengaluru,1,9686,0,9686,0.0,9686.0,Completed,False
O00671,2026-01-05,C0031,P014,CAM009,Website,Hyderabad,3,9072,15,27216,4082.4,23133.6,Completed,False
O00672,2026-05-01,C0066,P006,CAM006,Social,Chennai,4,9072,15,36288,5443.2,30844.8,Completed,False
O00673,2026-01-25,C0066,P016,CAM008,Mobile App,Hyderabad,4,17174,20,68696,13739.2,-54956.8,Returned,True
O00674,2026-04-28,C0060,P016,CAM001,Mobile App,Mumbai,2,1100,0,2200,0.0,2200.0,Completed,False
O00675,2026-04-23,C0008,P013,CAM007,Website,Bengaluru,2,17174,10,34348,3434.8,30913.2,Completed,False
O00676,2026-01-17,C0048,P016,CAM007,Marketplace,Hyderabad,4,11404,10,45616,4561.6,-41054.4,Returned,True
O00677,2026-05-04,C0062,P012,CAM006,Marketplace,Delhi,2,11704,10,23408,2340.8,21067.2,Completed,False
O00678,2026-06-12,C0096,P008,CAM008,Mobile App,Hyderabad,2,9072,0,18144,0.0,18144.0,Completed,False
O00679,2026-06-06,C0053,P015,CAM005,Social,Mumbai,4,11704,10,46816,4681.6,42134.4,Completed,False
O00680,2026-01-06,C0035,P017,CAM006,Mobile App,Chennai,4,9072,5,36288,1814.4,34473.6,Completed,False
O00681,2026-02-14,C0056,P017,CAM007,Marketplace,Chennai,4,12877,15,51508,7726.2,43781.8,Completed,False
O00682,2026-02-13,C0018,P005,CAM008,Mobile App,Chennai,1,11294,5,11294,564.7,10729.3,Completed,False
O00683,2026-03-24,C0010,P014,CAM003,Marketplace,Mumbai,4,11524,10,46096,4609.6,41486.4,Completed,False
O00684,2026-01-26,C0068,P001,CAM004,Website,Mumbai,1,11522,15,11522,1728.3,9793.7,Completed,False
O00685,2026-06-04,C0099,P012,CAM005,Mobile App,Delhi,3,6427,0,19281,0.0,19281.0,Completed,False
O00686,2026-05-21,C0085,P012,CAM003,Marketplace,Bengaluru,4,11294,15,45176,6776.4,38399.6,Completed,False
O00687,2026-05-27,C0059,P008,CAM004,Marketplace,Mumbai,3,11522,15,34566,5184.9,-29381.1,Returned,True
O00688,2026-02-05,C0005,P020,CAM004,Mobile App,Mumbai,4,11704,0,46816,0.0,46816.0,Completed,False
O00689,2026-01-03,C0099,P018,CAM004,Marketplace,Bengaluru,2,13261,0,26522,0.0,26522.0,Completed,False
O00690,2026-06-14,C0045,P001,CAM005,Marketplace,Bengaluru,2,7276,20,14552,2910.4,11641.6,Completed,False
O00691,2026-02-22,C0029,P005,CAM006,Mobile App,Chennai,2,6427,5,12854,642.7,12211.3,Completed,False
O00692,2026-04-29,C0090,P005,CAM007,Website,Bengaluru,2,11522,20,23044,4608.8,18435.2,Completed,False
O00693,2026-06-14,C0075,P018,CAM004,Marketplace,Mumbai,3,11404,10,34212,3421.2,-30790.8,Returned,True
O00694,2026-01-07,C0075,P011,CAM009,Social,Chennai,2,11404,5,22808,1140.4,21667.6,Completed,False
O00695,2026-01-01,C0028,P015,CAM005,Social,Hyderabad,3,2266,5,6798,339.9,6458.1,Completed,False
O00696,2026-01-01,C0100,P017,CAM008,Marketplace,Bengaluru,2,13533,15,27066,4059.9,23006.1,Completed,False
O00697,2026-01-29,C0046,P016,CAM002,Social,Chennai,2,1100,0,2200,0.0,2200.0,Completed,False
O00698,2026-01-10,C0054,P002,CAM002,Social,Bengaluru,1,9015,10,9015,901.5,-8113.5,Returned,True
O00699,2026-05-29,C0076,P003,CAM005,Marketplace,Chennai,3,9015,5,27045,1352.25,25692.75,Completed,False
O00700,2026-04-20,C0066,P008,CAM004,Website,Chennai,4,9015,0,36060,0.0,36060.0,Completed,False
O00701,2026-06-27,C0018,P007,CAM005,Marketplace,Delhi,4,7276,5,29104,1455.2,27648.8,Completed,False
O00702,2026-05-26,C0031,P015,CAM002,Marketplace,Chennai,2,16000,10,32000,3200.0,-28800.0,Returned,True
O00703,2026-06-24,C0037,P004,CAM005,Mobile App,Hyderabad,2,13533,15,27066,4059.9,23006.1,Completed,False
O00704,2026-02-13,C0095,P008,CAM007,Social,Bengaluru,3,12877,0,38631,0.0,38631.0,Completed,False
O00705,2026-02-22,C0072,P005,CAM008,Social,Bengaluru,3,17174,20,51522,10304.4,41217.6,Completed,False
O00706,2026-06-03,C0037,P004,CAM003,Mobile App,Bengaluru,1,17174,20,17174,3434.8,13739.2,Completed,False
O00707,2026-02-14,C0074,P004,CAM004,Mobile App,Mumbai,3,12255,15,36765,5514.75,31250.25,Completed,False
O00708,2026-01-11,C0074,P004,CAM006,Website,Bengaluru,1,12255,20,12255,2451.0,9804.0,Completed,False
O00709,2026-05-02,C0040,P012,CAM006,Website,Bengaluru,1,11524,10,11524,1152.4,10371.6,Completed,False
O00710,2026-05-25,C0041,P009,CAM008,Mobile App,Mumbai,3,16000,20,48000,9600.0,-38400.0,Returned,True
O00711,2026-06-25,C0090,P009,CAM004,Mobile App,Hyderabad,1,13261,15,13261,1989.15,11271.85,Completed,False
O00712,2026-06-17,C0057,P010,CAM007,Mobile App,Hyderabad,2,17174,10,34348,3434.8,30913.2,Completed,False
O00713,2026-01-22,C0015,P015,CAM009,Website,Bengaluru,3,1100,0,3300,0.0,3300.0,Completed,False
O00714,2026-05-20,C0072,P018,CAM003,Mobile App,Hyderabad,3,12877,10,38631,3863.1,34767.9,Completed,False
O00715,2026-06-03,C0059,P011,CAM009,Marketplace,Mumbai,2,11524,20,23048,4609.6,18438.4,Completed,False
O00716,2026-05-07,C0051,P013,CAM004,Mobile App,Chennai,1,12877,20,12877,2575.4,10301.6,Completed,False
O00717,2026-05-29,C0073,P015,CAM004,Marketplace,Mumbai,4,17174,10,68696,6869.6,61826.4,Completed,False
O00718,2026-06-01,C0091,P014,CAM007,Mobile App,Chennai,4,12255,5,49020,2451.0,46569.0,Completed,False
O00719,2026-03-22,C0034,P003,CAM007,Marketplace,Delhi,4,6427,15,25708,3856.2,21851.8,Completed,False
O00720,2026-01-08,C0042,P020,CAM006,Marketplace,Delhi,3,11404,0,34212,0.0,34212.0,Completed,False
O00721,2026-03-24,C0019,P004,CAM003,Social,Chennai,2,15417,0,30834,0.0,30834.0,Completed,False
O00722,2026-02-06,C0065,P009,CAM001,Website,Delhi,4,2266,10,9064,906.4,8157.6,Completed,False
O00723,2026-01-21,C0041,P014,CAM010,Social,Delhi,2,9015,20,18030,3606.0,14424.0,Completed,False
O00724,2026-01-23,C0035,P009,CAM009,Mobile App,Bengaluru,1,2266,5,2266,113.3,2152.7,Completed,False
O00725,2026-05-07,C0070,P005,CAM009,Website,Mumbai,4,12877,10,51508,5150.8,46357.2,Completed,False
O00726,2026-04-02,C0041,P019,CAM006,Marketplace,Bengaluru,2,11522,5,23044,1152.2,21891.8,Completed,False
O00727,2026-04-08,C0047,P002,CAM009,Website,Delhi,4,11524,10,46096,4609.6,41486.4,Completed,False
O00728,2026-05-15,C0045,P005,CAM005,Website,Chennai,2,15417,0,30834,0.0,30834.0,Completed,False
O00729,2026-04-10,C0026,P020,CAM001,Social,Delhi,4,2266,10,9064,906.4,8157.6,Completed,False
O00730,2026-04-25,C0013,P015,CAM002,Website,Chennai,3,9072,10,27216,2721.6,24494.4,Completed,False
O00731,2026-01-16,C0083,P002,CAM003,Marketplace,Mumbai,2,9686,5,19372,968.6,18403.4,Completed,False
O00732,2026-06-04,C0010,P016,CAM004,Website,Bengaluru,2,6427,5,12854,642.7,12211.3,Completed,False
O00733,2026-03-23,C0033,P020,CAM010,Website,Hyderabad,4,15417,15,61668,9250.2,52417.8,Completed,False
O00734,2026-01-29,C0067,P002,CAM004,Website,Mumbai,1,11704,0,11704,0.0,11704.0,Completed,False
O00735,2026-05-28,C0014,P009,CAM007,Website,Bengaluru,2,11524,0,23048,0.0,23048.0,Completed,False
O00736,2026-05-13,C0066,P010,CAM003,Mobile App,Mumbai,2,11704,0,23408,0.0,23408.0,Completed,False
O00737,2026-01-10,C0074,P003,CAM007,Mobile App,Hyderabad,3,6427,20,19281,3856.2,15424.8,Completed,False
O00738,2026-02-04,C0067,P005,CAM006,Website,Mumbai,2,17174,5,34348,1717.4,-32630.6,Returned,True
O00739,2026-01-03,C0031,P004,CAM002,Mobile App,Hyderabad,3,6427,0,19281,0.0,19281.0,Completed,False
O00740,2026-02-19,C0002,P004,CAM005,Mobile App,Chennai,2,17174,20,34348,6869.6,27478.4,Completed,False
O00741,2026-01-19,C0089,P009,CAM002,Marketplace,Hyderabad,1,15417,0,15417,0.0,15417.0,Completed,False
O00742,2026-05-09,C0033,P010,CAM009,Social,Delhi,1,11294,5,11294,564.7,10729.3,Completed,False
O00743,2026-04-05,C0081,P005,CAM008,Marketplace,Bengaluru,3,1100,0,3300,0.0,3300.0,Completed,False
O00744,2026-06-27,C0020,P006,CAM010,Social,Chennai,2,17174,15,34348,5152.2,29195.8,Completed,False
O00745,2026-05-16,C0017,P004,CAM009,Website,Chennai,2,11294,15,22588,3388.2,19199.8,Completed,False
O00746,2026-04-21,C0078,P016,CAM003,Website,Mumbai,3,13533,15,40599,6089.85,34509.15,Completed,False
O00747,2026-04-03,C0094,P005,CAM008,Social,Chennai,2,13533,5,27066,1353.3,25712.7,Completed,False
O00748,2026-01-10,C0087,P019,CAM002,Mobile App,Bengaluru,2,6427,5,12854,642.7,12211.3,Completed,False
O00749,2026-01-13,C0076,P011,CAM010,Social,Delhi,1,16000,20,16000,3200.0,12800.0,Completed,False
O00750,2026-04-22,C0025,P017,CAM008,Mobile App,Hyderabad,2,15417,20,30834,6166.8,24667.2,Completed,False
O00751,2026-01-01,C0092,P013,CAM007,Website,Bengaluru,3,2266,0,6798,0.0,6798.0,Completed,False
O00752,2026-01-08,C0067,P006,CAM010,Social,Chennai,3,15417,15,46251,6937.65,-39313.35,Returned,True
O00753,2026-02-09,C0018,P013,CAM009,Marketplace,Delhi,4,11522,20,46088,9217.6,36870.4,Completed,False
O00754,2026-06-10,C0013,P006,CAM009,Social,Bengaluru,4,11704,10,46816,4681.6,42134.4,Completed,False
O00755,2026-03-25,C0088,P003,CAM002,Mobile App,Mumbai,1,2044,15,2044,306.6,1737.4,Completed,False
O00756,2026-05-09,C0028,P006,CAM001,Website,Mumbai,2,12255,0,24510,0.0,24510.0,Completed,False
O00757,2026-03-16,C0077,P006,CAM010,Marketplace,Bengaluru,2,11704,0,23408,0.0,23408.0,Completed,False
O00758,2026-02-01,C0014,P003,CAM003,Website,Hyderabad,3,2044,0,6132,0.0,6132.0,Completed,False
O00759,2026-03-09,C0029,P001,CAM005,Marketplace,Chennai,2,11524,0,23048,0.0,23048.0,Completed,False
O00760,2026-01-17,C0029,P019,CAM001,Mobile App,Delhi,4,6427,20,25708,5141.6,20566.4,Completed,False
O00761,2026-05-20,C0029,P011,CAM007,Social,Chennai,2,11522,15,23044,3456.6,19587.4,Completed,False
O00762,2026-02-03,C0068,P009,CAM009,Social,Hyderabad,3,7276,15,21828,3274.2,18553.8,Completed,False
O00763,2026-03-10,C0092,P019,CAM009,Mobile App,Hyderabad,1,12877,5,12877,643.85,12233.15,Completed,False
O00764,2026-06-27,C0092,P005,CAM006,Social,Delhi,4,11404,20,45616,9123.2,36492.8,Completed,False
O00765,2026-04-18,C0075,P009,CAM007,Website,Mumbai,4,9015,0,36060,0.0,36060.0,Completed,False
O00766,2026-03-24,C0021,P017,CAM006,Website,Chennai,4,11704,20,46816,9363.2,-37452.8,Returned,True
O00767,2026-04-09,C0097,P013,CAM005,Social,Hyderabad,2,9686,0,19372,0.0,19372.0,Completed,False
O00768,2026-05-22,C0055,P008,CAM006,Marketplace,Chennai,1,16000,0,16000,0.0,16000.0,Completed,False
O00769,2026-02-16,C0055,P006,CAM010,Mobile App,Chennai,3,9072,0,27216,0.0,27216.0,Completed,False
O00770,2026-04-26,C0071,P001,CAM003,Website,Bengaluru,2,12877,15,25754,3863.1,21890.9,Completed,False
O00771,2026-06-07,C0077,P002,CAM005,Mobile App,Hyderabad,4,9015,5,36060,1803.0,34257.0,Completed,False
O00772,2026-04-14,C0096,P004,CAM007,Marketplace,Delhi,3,11704,10,35112,3511.2,-31600.8,Returned,True
O00773,2026-03-22,C0059,P016,CAM006,Social,Mumbai,3,11404,10,34212,3421.2,30790.8,Completed,False
O00774,2026-01-27,C0062,P013,CAM001,Social,Chennai,4,11524,15,46096,6914.4,39181.6,Completed,False
O00775,2026-02-14,C0075,P009,CAM003,Mobile App,Chennai,4,17174,5,68696,3434.8,65261.2,Completed,False
O00776,2026-06-21,C0026,P016,CAM007,Mobile App,Bengaluru,2,2044,0,4088,0.0,4088.0,Completed,False
O00777,2026-04-08,C0031,P004,CAM007,Website,Hyderabad,1,11524,5,11524,576.2,10947.8,Completed,False
O00778,2026-02-24,C0063,P005,CAM008,Website,Hyderabad,1,13261,5,13261,663.05,12597.95,Completed,False
O00779,2026-03-17,C0007,P008,CAM010,Mobile App,Hyderabad,2,11704,15,23408,3511.2,19896.8,Completed,False
O00780,2026-04-15,C0033,P019,CAM007,Marketplace,Mumbai,3,11704,15,35112,5266.8,29845.2,Completed,False
O00781,2026-04-08,C0072,P013,CAM006,Website,Mumbai,1,12255,0,12255,0.0,12255.0,Completed,False
O00782,2026-05-07,C0098,P018,CAM004,Mobile App,Bengaluru,1,13261,15,13261,1989.15,11271.85,Completed,False
O00783,2026-02-16,C0052,P005,CAM004,Marketplace,Delhi,3,12255,0,36765,0.0,36765.0,Completed,False
O00784,2026-04-28,C0040,P017,CAM009,Social,Mumbai,4,11704,15,46816,7022.4,39793.6,Completed,False
O00785,2026-03-22,C0045,P002,CAM005,Social,Hyderabad,1,11404,5,11404,570.2,10833.8,Completed,False
O00786,2026-06-20,C0069,P005,CAM008,Mobile App,Hyderabad,3,11294,5,33882,1694.1,32187.9,Completed,False
O00787,2026-01-29,C0055,P011,CAM002,Mobile App,Bengaluru,1,11522,10,11522,1152.2,10369.8,Completed,False
O00788,2026-01-27,C0003,P002,CAM002,Social,Hyderabad,3,7276,5,21828,1091.4,-20736.6,Returned,True
O00789,2026-03-25,C0054,P018,CAM003,Marketplace,Bengaluru,4,17174,15,68696,10304.4,58391.6,Completed,False
O00790,2026-04-03,C0041,P018,CAM002,Mobile App,Chennai,4,9072,20,36288,7257.6,29030.4,Completed,False
O00791,2026-05-06,C0071,P011,CAM007,Marketplace,Chennai,3,6427,20,19281,3856.2,15424.8,Completed,False
O00792,2026-03-15,C0088,P007,CAM007,Website,Hyderabad,3,2266,10,6798,679.8,6118.2,Completed,False
O00793,2026-06-15,C0097,P002,CAM006,Mobile App,Delhi,4,1100,10,4400,440.0,3960.0,Completed,False
O00794,2026-03-27,C0062,P013,CAM003,Mobile App,Hyderabad,3,12877,10,38631,3863.1,34767.9,Completed,False
O00795,2026-01-24,C0037,P011,CAM006,Social,Chennai,2,9072,15,18144,2721.6,15422.4,Completed,False
O00796,2026-01-22,C0045,P016,CAM002,Website,Hyderabad,4,9072,10,36288,3628.8,32659.2,Completed,False
O00797,2026-06-26,C0018,P013,CAM005,Social,Hyderabad,3,11704,10,35112,3511.2,-31600.8,Returned,True
O00798,2026-01-25,C0094,P003,CAM002,Mobile App,Hyderabad,4,17174,10,68696,6869.6,61826.4,Completed,False
O00799,2026-06-21,C0085,P003,CAM001,Website,Chennai,3,7276,5,21828,1091.4,20736.6,Completed,False
O00800,2026-02-20,C0086,P016,CAM002,Marketplace,Mumbai,4,13261,10,53044,5304.4,47739.6,Completed,False
O00801,2026-01-17,C0033,P004,CAM002,Marketplace,Hyderabad,1,1100,15,1100,165.0,935.0,Completed,False
O00802,2026-02-25,C0033,P019,CAM005,Website,Delhi,1,17174,10,17174,1717.4,15456.6,Completed,False
O00803,2026-04-22,C0086,P003,CAM006,Website,Hyderabad,1,13261,20,13261,2652.2,10608.8,Completed,False
O00804,2026-03-19,C0055,P015,CAM007,Website,Chennai,3,11522,20,34566,6913.2,27652.8,Completed,False
O00805,2026-05-23,C0071,P020,CAM005,Mobile App,Hyderabad,3,13261,10,39783,3978.3,35804.7,Completed,False
O00806,2026-04-21,C0049,P009,CAM002,Website,Delhi,1,11704,20,11704,2340.8,9363.2,Completed,False
O00807,2026-03-14,C0045,P002,CAM001,Marketplace,Delhi,1,2044,0,2044,0.0,2044.0,Completed,False
O00808,2026-04-25,C0064,P018,CAM008,Website,Bengaluru,4,11524,20,46096,9219.2,36876.8,Completed,False
O00809,2026-06-25,C0082,P004,CAM010,Social,Chennai,4,11524,5,46096,2304.8,-43791.2,Returned,True
O00810,2026-03-16,C0034,P011,CAM003,Social,Delhi,3,9072,10,27216,2721.6,24494.4,Completed,False
O00811,2026-01-28,C0081,P020,CAM003,Marketplace,Delhi,2,13261,5,26522,1326.1,25195.9,Completed,False
O00812,2026-03-15,C0025,P015,CAM004,Social,Hyderabad,2,9686,10,19372,1937.2,17434.8,Completed,False
O00813,2026-06-02,C0041,P001,CAM003,Social,Mumbai,1,9686,5,9686,484.3,9201.7,Completed,False
O00814,2026-02-09,C0092,P017,CAM003,Website,Mumbai,1,13533,15,13533,2029.95,11503.05,Completed,False
O00815,2026-06-21,C0096,P004,CAM005,Mobile App,Hyderabad,4,2044,0,8176,0.0,8176.0,Completed,False
O00816,2026-04-17,C0093,P015,CAM008,Social,Hyderabad,2,11524,20,23048,4609.6,18438.4,Completed,False
O00817,2026-04-19,C0032,P013,CAM008,Mobile App,Bengaluru,3,2044,20,6132,1226.4,4905.6,Completed,False
O00818,2026-02-27,C0085,P006,CAM010,Marketplace,Mumbai,3,2044,10,6132,613.2,5518.8,Completed,False
O00819,2026-06-16,C0094,P009,CAM004,Social,Hyderabad,2,12877,10,25754,2575.4,23178.6,Completed,False
O00820,2026-01-07,C0098,P003,CAM005,Social,Bengaluru,1,11524,15,11524,1728.6,9795.4,Completed,False
O00821,2026-02-24,C0003,P020,CAM004,Mobile App,Delhi,3,2044,0,6132,0.0,6132.0,Completed,False
O00822,2026-03-17,C0075,P005,CAM001,Mobile App,Bengaluru,1,17174,15,17174,2576.1,-14597.9,Returned,True
O00823,2026-03-28,C0100,P007,CAM004,Website,Bengaluru,2,11704,5,23408,1170.4,22237.6,Completed,False
O00824,2026-03-27,C0077,P011,CAM003,Mobile App,Delhi,4,9072,15,36288,5443.2,30844.8,Completed,False
O00825,2026-01-27,C0024,P014,CAM005,Mobile App,Delhi,3,12877,5,38631,1931.55,36699.45,Completed,False
O00826,2026-02-10,C0077,P011,CAM002,Mobile App,Chennai,4,7276,15,29104,4365.6,24738.4,Completed,False
O00827,2026-01-18,C0011,P011,CAM008,Mobile App,Hyderabad,1,15417,15,15417,2312.55,13104.45,Completed,False
O00828,2026-04-14,C0049,P012,CAM009,Social,Mumbai,1,13261,5,13261,663.05,12597.95,Completed,False
O00829,2026-03-05,C0063,P018,CAM010,Social,Chennai,2,16000,15,32000,4800.0,27200.0,Completed,False
O00830,2026-04-13,C0046,P008,CAM001,Marketplace,Delhi,2,13261,10,26522,2652.2,23869.8,Completed,False
O00831,2026-04-17,C0070,P017,CAM002,Website,Delhi,1,9686,5,9686,484.3,9201.7,Completed,False
O00832,2026-05-08,C0025,P016,CAM010,Mobile App,Mumbai,4,13261,10,53044,5304.4,47739.6,Completed,False
O00833,2026-04-10,C0061,P020,CAM009,Marketplace,Delhi,1,1100,20,1100,220.0,880.0,Completed,False
O00834,2026-04-28,C0065,P019,CAM006,Website,Chennai,3,9015,0,27045,0.0,27045.0,Completed,False
O00835,2026-04-17,C0064,P016,CAM004,Mobile App,Chennai,3,11294,20,33882,6776.4,27105.6,Completed,False
O00836,2026-04-29,C0029,P005,CAM006,Marketplace,Hyderabad,3,2266,20,6798,1359.6,5438.4,Completed,False
O00837,2026-04-22,C0031,P016,CAM006,Social,Mumbai,1,2266,10,2266,226.6,2039.4,Completed,False
O00838,2026-02-27,C0026,P015,CAM009,Social,Delhi,2,2266,15,4532,679.8,3852.2,Completed,False
O00839,2026-02-14,C0047,P006,CAM006,Mobile App,Hyderabad,3,11524,5,34572,1728.6,32843.4,Completed,False
O00840,2026-05-23,C0059,P014,CAM001,Mobile App,Delhi,2,9015,0,18030,0.0,18030.0,Completed,False
O00841,2026-03-04,C0037,P006,CAM007,Mobile App,Hyderabad,3,16000,10,48000,4800.0,43200.0,Completed,False
O00842,2026-04-10,C0041,P011,CAM008,Marketplace,Chennai,1,13533,20,13533,2706.6,10826.4,Completed,False
O00843,2026-02-05,C0029,P016,CAM003,Mobile App,Mumbai,1,15417,5,15417,770.85,14646.15,Completed,False
O00844,2026-03-20,C0022,P004,CAM002,Mobile App,Hyderabad,3,9015,15,27045,4056.75,22988.25,Completed,False
O00845,2026-04-06,C0066,P007,CAM002,Website,Delhi,3,11704,15,35112,5266.8,29845.2,Completed,False
O00846,2026-04-24,C0082,P016,CAM009,Mobile App,Mumbai,1,17174,15,17174,2576.1,14597.9,Completed,False
O00847,2026-04-06,C0030,P010,CAM005,Website,Mumbai,4,1100,5,4400,220.0,4180.0,Completed,False
O00848,2026-03-07,C0087,P020,CAM006,Marketplace,Mumbai,1,2266,5,2266,113.3,2152.7,Completed,False
O00849,2026-06-24,C0058,P001,CAM010,Social,Hyderabad,4,11294,10,45176,4517.6,40658.4,Completed,False
O00850,2026-04-03,C0017,P015,CAM001,Social,Bengaluru,3,11704,20,35112,7022.4,-28089.6,Returned,True
O00851,2026-05-27,C0037,P017,CAM003,Mobile App,Delhi,4,13261,20,53044,10608.8,42435.2,Completed,False
O00852,2026-05-14,C0001,P019,CAM009,Social,Chennai,4,15417,10,61668,6166.8,55501.2,Completed,False
O00853,2026-04-12,C0004,P004,CAM006,Social,Bengaluru,2,11704,20,23408,4681.6,18726.4,Completed,False
O00854,2026-06-10,C0034,P020,CAM001,Mobile App,Delhi,4,7276,10,29104,2910.4,26193.6,Completed,False
O00855,2026-01-24,C0046,P008,CAM008,Social,Delhi,1,2044,5,2044,102.2,1941.8,Completed,False
O00856,2026-06-16,C0080,P008,CAM002,Mobile App,Delhi,2,13261,0,26522,0.0,26522.0,Completed,False
O00857,2026-06-03,C0014,P008,CAM008,Social,Chennai,1,11704,15,11704,1755.6,9948.4,Completed,False
O00858,2026-04-02,C0084,P013,CAM008,Mobile App,Mumbai,2,9015,15,18030,2704.5,15325.5,Completed,False
O00859,2026-05-13,C0024,P014,CAM009,Mobile App,Bengaluru,4,12877,20,51508,10301.6,41206.4,Completed,False
O00860,2026-04-05,C0014,P010,CAM005,Website,Bengaluru,2,15417,15,30834,4625.1,-26208.9,Returned,True
O00861,2026-02-18,C0070,P002,CAM003,Social,Mumbai,1,11404,0,11404,0.0,11404.0,Completed,False
O00862,2026-05-25,C0078,P020,CAM009,Mobile App,Delhi,2,2266,10,4532,453.2,4078.8,Completed,False
O00863,2026-02-14,C0061,P005,CAM006,Social,Bengaluru,4,11522,15,46088,6913.2,-39174.8,Returned,True
O00864,2026-02-26,C0012,P002,CAM007,Website,Hyderabad,3,9015,10,27045,2704.5,24340.5,Completed,False
O00865,2026-04-04,C0012,P012,CAM002,Marketplace,Chennai,3,11294,10,33882,3388.2,30493.8,Completed,False
O00866,2026-06-01,C0040,P009,CAM007,Mobile App,Mumbai,2,13533,20,27066,5413.2,21652.8,Completed,False
O00867,2026-03-11,C0046,P013,CAM006,Mobile App,Hyderabad,2,11704,15,23408,3511.2,19896.8,Completed,False
O00868,2026-03-31,C0100,P018,CAM003,Website,Bengaluru,3,7276,15,21828,3274.2,-18553.8,Returned,True
O00869,2026-01-08,C0029,P002,CAM008,Website,Hyderabad,3,15417,10,46251,4625.1,41625.9,Completed,False
O00870,2026-01-21,C0020,P006,CAM002,Mobile App,Mumbai,4,11294,5,45176,2258.8,42917.2,Completed,False
O00871,2026-01-11,C0095,P011,CAM008,Mobile App,Mumbai,3,2266,10,6798,679.8,6118.2,Completed,False
O00872,2026-01-14,C0016,P016,CAM010,Social,Chennai,4,16000,20,64000,12800.0,51200.0,Completed,False
O00873,2026-06-07,C0003,P013,CAM006,Mobile App,Hyderabad,4,1100,15,4400,660.0,3740.0,Completed,False
O00874,2026-06-02,C0043,P008,CAM002,Website,Mumbai,1,13261,15,13261,1989.15,11271.85,Completed,False
O00875,2026-05-29,C0041,P013,CAM006,Mobile App,Hyderabad,2,11524,0,23048,0.0,23048.0,Completed,False
O00876,2026-01-11,C0062,P020,CAM006,Marketplace,Mumbai,2,11524,20,23048,4609.6,18438.4,Completed,False
O00877,2026-01-15,C0088,P010,CAM006,Mobile App,Mumbai,1,9686,5,9686,484.3,9201.7,Completed,False
O00878,2026-02-20,C0094,P018,CAM003,Social,Delhi,1,11404,20,11404,2280.8,9123.2,Completed,False
O00879,2026-04-13,C0029,P016,CAM007,Mobile App,Delhi,4,13261,10,53044,5304.4,47739.6,Completed,False
O00880,2026-03-02,C0099,P007,CAM003,Marketplace,Mumbai,2,12877,20,25754,5150.8,20603.2,Completed,False
O00881,2026-03-30,C0064,P005,CAM006,Website,Bengaluru,1,2044,20,2044,408.8,1635.2,Completed,False
O00882,2026-02-01,C0007,P016,CAM006,Website,Mumbai,2,9686,15,19372,2905.8,16466.2,Completed,False
O00883,2026-05-13,C0094,P005,CAM007,Social,Chennai,2,12255,20,24510,4902.0,19608.0,Completed,False
O00884,2026-02-26,C0014,P007,CAM008,Mobile App,Bengaluru,1,17174,15,17174,2576.1,14597.9,Completed,False
O00885,2026-01-13,C0059,P005,CAM009,Mobile App,Bengaluru,1,11522,20,11522,2304.4,9217.6,Completed,False
O00886,2026-05-15,C0080,P013,CAM008,Marketplace,Hyderabad,4,1100,0,4400,0.0,4400.0,Completed,False
O00887,2026-06-13,C0025,P006,CAM008,Website,Bengaluru,4,1100,0,4400,0.0,-4400.0,Returned,True
O00888,2026-01-03,C0028,P014,CAM009,Marketplace,Chennai,2,9072,10,18144,1814.4,16329.6,Completed,False
O00889,2026-03-21,C0048,P019,CAM003,Mobile App,Delhi,3,11522,20,34566,6913.2,27652.8,Completed,False
O00890,2026-05-30,C0089,P017,CAM003,Website,Mumbai,4,16000,15,64000,9600.0,54400.0,Completed,False
O00891,2026-05-08,C0023,P019,CAM006,Mobile App,Chennai,4,6427,10,25708,2570.8,23137.2,Completed,False
O00892,2026-06-05,C0067,P001,CAM005,Mobile App,Bengaluru,1,9015,10,9015,901.5,-8113.5,Returned,True
O00893,2026-03-17,C0046,P010,CAM008,Website,Delhi,4,11294,15,45176,6776.4,38399.6,Completed,False
O00894,2026-03-09,C0012,P005,CAM001,Marketplace,Delhi,1,9072,20,9072,1814.4,7257.6,Completed,False
O00895,2026-05-09,C0072,P019,CAM002,Marketplace,Hyderabad,1,1100,20,1100,220.0,880.0,Completed,False
O00896,2026-01-28,C0084,P015,CAM008,Mobile App,Hyderabad,2,9686,0,19372,0.0,19372.0,Completed,False
O00897,2026-02-13,C0058,P007,CAM009,Social,Mumbai,3,13261,10,39783,3978.3,35804.7,Completed,False
O00898,2026-04-19,C0018,P012,CAM004,Marketplace,Bengaluru,1,11404,5,11404,570.2,10833.8,Completed,False
O00899,2026-05-01,C0016,P013,CAM004,Social,Mumbai,2,2266,15,4532,679.8,3852.2,Completed,False
O00900,2026-01-22,C0043,P010,CAM006,Website,Bengaluru,2,13533,10,27066,2706.6,-24359.4,Returned,True
O00901,2026-04-03,C0051,P010,CAM005,Social,Chennai,2,9686,20,19372,3874.4,15497.6,Completed,False
O00902,2026-03-08,C0056,P002,CAM002,Mobile App,Bengaluru,4,11294,10,45176,4517.6,40658.4,Completed,False
O00903,2026-04-01,C0025,P010,CAM006,Marketplace,Hyderabad,2,11522,15,23044,3456.6,19587.4,Completed,False
O00904,2026-06-23,C0051,P007,CAM009,Social,Delhi,1,11404,0,11404,0.0,11404.0,Completed,False
O00905,2026-01-14,C0030,P017,CAM008,Mobile App,Mumbai,1,11704,20,11704,2340.8,9363.2,Completed,False
O00906,2026-06-30,C0069,P018,CAM009,Mobile App,Hyderabad,1,11294,0,11294,0.0,11294.0,Completed,False
O00907,2026-03-23,C0080,P016,CAM007,Website,Delhi,1,12877,5,12877,643.85,12233.15,Completed,False
O00908,2026-05-20,C0066,P001,CAM009,Marketplace,Chennai,3,15417,20,46251,9250.2,37000.8,Completed,False
O00909,2026-03-18,C0001,P017,CAM003,Social,Bengaluru,2,2044,20,4088,817.6,3270.4,Completed,False
O00910,2026-02-26,C0100,P008,CAM001,Mobile App,Mumbai,2,11404,10,22808,2280.8,-20527.2,Returned,True
O00911,2026-05-20,C0003,P009,CAM002,Website,Chennai,4,11524,10,46096,4609.6,41486.4,Completed,False
O00912,2026-05-05,C0100,P019,CAM010,Mobile App,Delhi,3,11294,0,33882,0.0,33882.0,Completed,False
O00913,2026-01-27,C0004,P018,CAM007,Mobile App,Mumbai,1,11294,20,11294,2258.8,9035.2,Completed,False
O00914,2026-05-08,C0052,P002,CAM003,Social,Delhi,2,17174,0,34348,0.0,34348.0,Completed,False
O00915,2026-05-17,C0011,P008,CAM009,Website,Mumbai,2,7276,0,14552,0.0,14552.0,Completed,False
O00916,2026-03-12,C0010,P015,CAM004,Mobile App,Mumbai,4,11294,10,45176,4517.6,40658.4,Completed,False
O00917,2026-06-17,C0069,P011,CAM006,Marketplace,Chennai,2,16000,0,32000,0.0,32000.0,Completed,False
O00918,2026-04-27,C0073,P006,CAM003,Website,Bengaluru,1,1100,0,1100,0.0,1100.0,Completed,False
O00919,2026-03-02,C0012,P011,CAM001,Social,Chennai,3,7276,15,21828,3274.2,18553.8,Completed,False
O00920,2026-01-02,C0098,P018,CAM003,Social,Mumbai,2,11404,15,22808,3421.2,19386.8,Completed,False
O00921,2026-05-03,C0033,P005,CAM003,Mobile App,Mumbai,1,6427,5,6427,321.35,6105.65,Completed,False
O00922,2026-02-07,C0032,P015,CAM006,Marketplace,Delhi,3,12877,15,38631,5794.65,32836.35,Completed,False
O00923,2026-05-17,C0030,P015,CAM001,Social,Mumbai,1,16000,15,16000,2400.0,13600.0,Completed,False
O00924,2026-04-06,C0047,P018,CAM003,Marketplace,Delhi,4,2044,5,8176,408.8,7767.2,Completed,False
O00925,2026-03-26,C0018,P006,CAM006,Website,Delhi,4,16000,15,64000,9600.0,54400.0,Completed,False
O00926,2026-01-30,C0043,P005,CAM004,Website,Delhi,2,13533,10,27066,2706.6,24359.4,Completed,False
O00927,2026-05-09,C0021,P011,CAM007,Mobile App,Mumbai,3,7276,20,21828,4365.6,17462.4,Completed,False
O00928,2026-01-31,C0006,P011,CAM007,Website,Hyderabad,3,17174,0,51522,0.0,51522.0,Completed,False
O00929,2026-03-17,C0037,P009,CAM010,Mobile App,Mumbai,3,11404,5,34212,1710.6,32501.4,Completed,False
O00930,2026-06-01,C0068,P016,CAM009,Marketplace,Mumbai,1,9072,5,9072,453.6,8618.4,Completed,False
O00931,2026-06-16,C0077,P016,CAM003,Marketplace,Hyderabad,2,9686,5,19372,968.6,18403.4,Completed,False
O00932,2026-06-29,C0036,P005,CAM007,Website,Mumbai,1,9015,20,9015,1803.0,7212.0,Completed,False
O00933,2026-06-23,C0033,P016,CAM007,Website,Delhi,3,12255,15,36765,5514.75,31250.25,Completed,False
O00934,2026-04-11,C0079,P005,CAM006,Website,Bengaluru,1,17174,10,17174,1717.4,15456.6,Completed,False
O00935,2026-02-06,C0069,P009,CAM008,Mobile App,Delhi,3,13261,10,39783,3978.3,35804.7,Completed,False
O00936,2026-06-01,C0084,P001,CAM002,Social,Hyderabad,3,12255,20,36765,7353.0,29412.0,Completed,False
O00937,2026-05-26,C0091,P007,CAM004,Mobile App,Delhi,4,9015,10,36060,3606.0,32454.0,Completed,False
O00938,2026-06-29,C0083,P020,CAM009,Mobile App,Chennai,2,9686,5,19372,968.6,18403.4,Completed,False
O00939,2026-04-28,C0094,P009,CAM009,Marketplace,Hyderabad,1,11404,0,11404,0.0,11404.0,Completed,False
O00940,2026-01-26,C0042,P015,CAM001,Website,Mumbai,3,11522,5,34566,1728.3,32837.7,Completed,False
O00941,2026-04-02,C0040,P003,CAM005,Website,Mumbai,1,16000,15,16000,2400.0,13600.0,Completed,False
O00942,2026-03-23,C0033,P013,CAM003,Website,Bengaluru,1,11704,10,11704,1170.4,10533.6,Completed,False
O00943,2026-06-02,C0024,P008,CAM002,Marketplace,Delhi,4,13261,10,53044,5304.4,47739.6,Completed,False
O00944,2026-03-13,C0075,P015,CAM001,Mobile App,Delhi,4,2044,10,8176,817.6,7358.4,Completed,False
O00945,2026-03-01,C0072,P019,CAM006,Marketplace,Delhi,3,11524,20,34572,6914.4,27657.6,Completed,False
O00946,2026-01-15,C0081,P011,CAM007,Marketplace,Delhi,4,6427,20,25708,5141.6,20566.4,Completed,False
O00947,2026-06-01,C0017,P003,CAM006,Mobile App,Bengaluru,1,9072,0,9072,0.0,9072.0,Completed,False
O00948,2026-05-17,C0050,P010,CAM004,Social,Delhi,1,9015,0,9015,0.0,9015.0,Completed,False
O00949,2026-01-08,C0023,P003,CAM008,Social,Delhi,2,2266,5,4532,226.6,4305.4,Completed,False
O00950,2026-03-20,C0090,P009,CAM007,Website,Mumbai,1,1100,20,1100,220.0,880.0,Completed,False
O00951,2026-03-28,C0027,P002,CAM010,Social,Chennai,4,7276,10,29104,2910.4,-26193.6,Returned,True
O00952,2026-03-26,C0015,P013,CAM004,Website,Hyderabad,1,9686,20,9686,1937.2,7748.8,Completed,False
O00953,2026-06-16,C0057,P007,CAM003,Website,Chennai,3,13533,15,40599,6089.85,34509.15,Completed,False
O00954,2026-01-28,C0088,P005,CAM005,Marketplace,Delhi,4,6427,10,25708,2570.8,23137.2,Completed,False
O00955,2026-02-25,C0092,P001,CAM006,Website,Chennai,3,9686,5,29058,1452.9,27605.1,Completed,False
O00956,2026-02-02,C0010,P018,CAM005,Mobile App,Delhi,1,13261,5,13261,663.05,12597.95,Completed,False
O00957,2026-02-14,C0033,P017,CAM009,Website,Delhi,2,12877,0,25754,0.0,25754.0,Completed,False
O00958,2026-06-14,C0016,P017,CAM001,Mobile App,Delhi,3,7276,10,21828,2182.8,19645.2,Completed,False
O00959,2026-06-20,C0031,P002,CAM006,Social,Delhi,4,6427,5,25708,1285.4,24422.6,Completed,False
O00960,2026-01-09,C0054,P007,CAM005,Social,Hyderabad,2,11524,5,23048,1152.4,21895.6,Completed,False
O00961,2026-04-25,C0029,P020,CAM003,Website,Mumbai,2,9686,0,19372,0.0,19372.0,Completed,False
O00962,2026-02-12,C0007,P012,CAM007,Marketplace,Hyderabad,4,2044,15,8176,1226.4,6949.6,Completed,False
O00963,2026-02-04,C0052,P003,CAM009,Mobile App,Delhi,4,11404,20,45616,9123.2,36492.8,Completed,False
O00964,2026-02-22,C0006,P003,CAM006,Mobile App,Chennai,2,9686,10,19372,1937.2,-17434.8,Returned,True
O00965,2026-02-05,C0023,P006,CAM001,Marketplace,Mumbai,1,11524,10,11524,1152.4,10371.6,Completed,False
O00966,2026-03-30,C0001,P020,CAM001,Social,Chennai,3,9072,20,27216,5443.2,21772.8,Completed,False
O00967,2026-06-30,C0009,P004,CAM005,Mobile App,Delhi,4,2044,10,8176,817.6,7358.4,Completed,False
O00968,2026-04-17,C0044,P019,CAM007,Website,Mumbai,4,17174,15,68696,10304.4,58391.6,Completed,False
O00969,2026-05-11,C0086,P014,CAM004,Social,Mumbai,2,11404,10,22808,2280.8,20527.2,Completed,False
O00970,2026-03-31,C0078,P019,CAM004,Social,Hyderabad,1,7276,10,7276,727.6,6548.4,Completed,False
O00971,2026-01-03,C0010,P017,CAM009,Mobile App,Chennai,3,13261,10,39783,3978.3,35804.7,Completed,False
O00972,2026-01-16,C0004,P007,CAM001,Marketplace,Delhi,4,6427,15,25708,3856.2,21851.8,Completed,False
O00973,2026-02-18,C0034,P017,CAM001,Social,Bengaluru,4,11404,15,45616,6842.4,38773.6,Completed,False
O00974,2026-02-14,C0066,P004,CAM002,Marketplace,Bengaluru,1,9015,10,9015,901.5,8113.5,Completed,False
O00975,2026-06-02,C0075,P006,CAM010,Mobile App,Hyderabad,2,7276,0,14552,0.0,14552.0,Completed,False
O00976,2026-06-02,C0083,P005,CAM005,Social,Bengaluru,2,13261,20,26522,5304.4,21217.6,Completed,False
O00977,2026-06-04,C0035,P003,CAM002,Social,Delhi,1,16000,20,16000,3200.0,12800.0,Completed,False
O00978,2026-04-26,C0017,P002,CAM004,Marketplace,Hyderabad,4,11294,0,45176,0.0,45176.0,Completed,False
O00979,2026-04-11,C0003,P004,CAM010,Website,Chennai,1,13261,5,13261,663.05,12597.95,Completed,False
O00980,2026-04-28,C0015,P003,CAM007,Mobile App,Hyderabad,3,11522,20,34566,6913.2,27652.8,Completed,False
O00981,2026-03-15,C0007,P008,CAM003,Marketplace,Chennai,4,7276,5,29104,1455.2,27648.8,Completed,False
O00982,2026-05-02,C0087,P002,CAM003,Mobile App,Hyderabad,3,11524,20,34572,6914.4,27657.6,Completed,False
O00983,2026-05-24,C0027,P002,CAM001,Marketplace,Mumbai,4,2044,15,8176,1226.4,6949.6,Completed,False
O00984,2026-05-19,C0083,P020,CAM008,Marketplace,Chennai,2,2044,20,4088,817.6,3270.4,Completed,False
O00985,2026-04-22,C0056,P002,CAM002,Website,Mumbai,4,12255,0,49020,0.0,-49020.0,Returned,True
O00986,2026-01-11,C0054,P002,CAM003,Marketplace,Delhi,2,11522,10,23044,2304.4,20739.6,Completed,False
O00987,2026-05-12,C0046,P001,CAM004,Marketplace,Bengaluru,1,9686,10,9686,968.6,8717.4,Completed,False
O00988,2026-03-08,C0082,P003,CAM007,Website,Hyderabad,2,11294,20,22588,4517.6,18070.4,Completed,False
O00989,2026-05-15,C0005,P011,CAM007,Marketplace,Bengaluru,2,9015,5,18030,901.5,17128.5,Completed,False
O00990,2026-04-08,C0010,P017,CAM008,Marketplace,Mumbai,3,9686,5,29058,1452.9,27605.1,Completed,False
O00991,2026-06-09,C0043,P015,CAM003,Website,Chennai,2,11522,0,23044,0.0,23044.0,Completed,False
O00992,2026-03-03,C0040,P012,CAM004,Marketplace,Bengaluru,2,12877,15,25754,3863.1,-21890.9,Returned,True
O00993,2026-06-18,C0055,P002,CAM004,Mobile App,Chennai,2,9686,20,19372,3874.4,15497.6,Completed,False
O00994,2026-06-02,C0074,P016,CAM001,Mobile App,Hyderabad,2,11404,0,22808,0.0,22808.0,Completed,False
O00995,2026-03-01,C0059,P001,CAM008,Marketplace,Hyderabad,3,11522,5,34566,1728.3,32837.7,Completed,False
O00996,2026-03-29,C0026,P013,CAM006,Website,Bengaluru,2,13261,5,26522,1326.1,-25195.9,Returned,True
O00997,2026-04-07,C0033,P009,CAM005,Website,Chennai,4,11522,20,46088,9217.6,36870.4,Completed,False
O00998,2026-05-20,C0076,P018,CAM010,Mobile App,Chennai,2,7276,10,14552,1455.2,13096.8,Completed,False
O00999,2026-05-05,C0021,P007,CAM002,Social,Bengaluru,4,7276,5,29104,1455.2,27648.8,Completed,False
O01000,2026-06-04,C0051,P013,CAM010,Website,Delhi,2,11524,5,23048,1152.4,21895.6,Completed,False
O01001,2026-03-08,C0054,P009,CAM007,Social,Chennai,1,11704,10,11704,1170.4,10533.6,Completed,False
O01002,2026-04-02,C0076,P011,CAM003,Website,Delhi,1,12255,5,12255,612.75,11642.25,Completed,False
O01003,2026-03-19,C0072,P019,CAM007,Mobile App,Mumbai,4,9686,0,38744,0.0,38744.0,Completed,False
O01004,2026-06-14,C0047,P015,CAM008,Mobile App,Mumbai,4,11404,20,45616,9123.2,36492.8,Completed,False
O01005,2026-02-25,C0031,P009,CAM004,Mobile App,Delhi,1,11404,10,11404,1140.4,10263.6,Completed,False
O01006,2026-04-17,C0037,P009,CAM004,Website,Delhi,3,16000,5,48000,2400.0,-45600.0,Returned,True
O01007,2026-01-22,C0042,P015,CAM009,Social,Bengaluru,3,17174,15,51522,7728.3,-43793.7,Returned,True
O01008,2026-06-03,C0022,P007,CAM002,Mobile App,Mumbai,1,16000,15,16000,2400.0,13600.0,Completed,False
O01009,2026-03-11,C0063,P004,CAM001,Social,Chennai,2,2266,0,4532,0.0,4532.0,Completed,False
O01010,2026-03-03,C0021,P010,CAM007,Marketplace,Hyderabad,3,1100,0,3300,0.0,3300.0,Completed,False
O01011,2026-04-16,C0065,P002,CAM010,Marketplace,Mumbai,4,9686,0,38744,0.0,38744.0,Completed,False
O01012,2026-04-01,C0076,P004,CAM006,Mobile App,Mumbai,4,2266,15,9064,1359.6,7704.4,Completed,False
O01013,2026-06-03,C0097,P009,CAM002,Marketplace,Hyderabad,1,12255,15,12255,1838.25,10416.75,Completed,False
O01014,2026-04-07,C0012,P016,CAM006,Social,Delhi,1,11522,15,11522,1728.3,9793.7,Completed,False
O01015,2026-04-04,C0076,P016,CAM003,Social,Hyderabad,2,16000,15,32000,4800.0,27200.0,Completed,False
O01016,2026-01-20,C0009,P006,CAM009,Social,Delhi,1,13533,10,13533,1353.3,12179.7,Completed,False
O01017,2026-01-04,C0034,P009,CAM007,Website,Hyderabad,3,16000,10,48000,4800.0,43200.0,Completed,False
O01018,2026-03-14,C0018,P004,CAM004,Marketplace,Bengaluru,1,2266,15,2266,339.9,1926.1,Completed,False
O01019,2026-06-30,C0017,P016,CAM007,Mobile App,Mumbai,1,9686,5,9686,484.3,9201.7,Completed,False
O01020,2026-06-16,C0018,P005,CAM007,Social,Mumbai,1,13533,20,13533,2706.6,-10826.4,Returned,True
O01021,2026-04-24,C0005,P016,CAM007,Social,Bengaluru,2,16000,20,32000,6400.0,-25600.0,Returned,True
O01022,2026-04-25,C0083,P017,CAM004,Social,Delhi,4,17174,20,68696,13739.2,54956.8,Completed,False
O01023,2026-03-12,C0007,P014,CAM006,Website,Delhi,1,12877,20,12877,2575.4,10301.6,Completed,False
O01024,2026-02-02,C0040,P007,CAM001,Mobile App,Bengaluru,4,13533,5,54132,2706.6,51425.4,Completed,False
O01025,2026-01-02,C0070,P020,CAM005,Marketplace,Bengaluru,2,9015,0,18030,0.0,-18030.0,Returned,True
O01026,2026-03-03,C0100,P014,CAM004,Marketplace,Bengaluru,1,11524,10,11524,1152.4,10371.6,Completed,False
O01027,2026-02-27,C0086,P013,CAM006,Mobile App,Chennai,2,7276,15,14552,2182.8,12369.2,Completed,False
O01028,2026-02-04,C0014,P018,CAM010,Website,Chennai,3,9686,15,29058,4358.7,24699.3,Completed,False
O01029,2026-02-16,C0099,P018,CAM010,Website,Mumbai,1,17174,5,17174,858.7,-16315.3,Returned,True
O01030,2026-01-05,C0066,P002,CAM005,Marketplace,Hyderabad,1,2266,5,2266,113.3,2152.7,Completed,False
O01031,2026-04-21,C0018,P018,CAM007,Mobile App,Mumbai,4,2266,10,9064,906.4,8157.6,Completed,False
O01032,2026-06-17,C0045,P016,CAM002,Mobile App,Chennai,3,6427,20,19281,3856.2,15424.8,Completed,False
O01033,2026-05-06,C0092,P005,CAM005,Social,Chennai,2,7276,0,14552,0.0,14552.0,Completed,False
O01034,2026-03-23,C0040,P007,CAM007,Website,Mumbai,4,12255,5,49020,2451.0,46569.0,Completed,False
O01035,2026-03-18,C0019,P016,CAM007,Social,Hyderabad,4,13261,5,53044,2652.2,-50391.8,Returned,True
O01036,2026-02-25,C0088,P005,CAM010,Mobile App,Hyderabad,2,2044,20,4088,817.6,3270.4,Completed,False
O01037,2026-01-26,C0096,P010,CAM005,Social,Bengaluru,3,7276,10,21828,2182.8,19645.2,Completed,False
O01038,2026-04-19,C0098,P014,CAM010,Social,Chennai,1,11524,0,11524,0.0,11524.0,Completed,False
O01039,2026-04-13,C0096,P014,CAM010,Marketplace,Bengaluru,2,1100,5,2200,110.0,-2090.0,Returned,True
O01040,2026-01-02,C0088,P019,CAM006,Mobile App,Chennai,3,11294,0,33882,0.0,33882.0,Completed,False
O01041,2026-03-17,C0046,P003,CAM001,Website,Delhi,1,9072,10,9072,907.2,-8164.8,Returned,True
O01042,2026-02-20,C0020,P006,CAM004,Website,Chennai,4,12877,20,51508,10301.6,41206.4,Completed,False
O01043,2026-01-31,C0062,P020,CAM008,Social,Mumbai,4,12255,10,49020,4902.0,-44118.0,Returned,True
O01044,2026-05-08,C0023,P012,CAM006,Website,Mumbai,2,11404,20,22808,4561.6,18246.4,Completed,False
O01045,2026-04-06,C0048,P005,CAM010,Mobile App,Mumbai,2,13261,15,26522,3978.3,22543.7,Completed,False
O01046,2026-04-25,C0066,P006,CAM009,Mobile App,Mumbai,1,17174,20,17174,3434.8,13739.2,Completed,False
O01047,2026-05-10,C0095,P007,CAM001,Marketplace,Mumbai,3,1100,5,3300,165.0,3135.0,Completed,False
O01048,2026-06-27,C0029,P012,CAM009,Social,Delhi,1,9015,20,9015,1803.0,7212.0,Completed,False
O01049,2026-05-26,C0026,P006,CAM004,Marketplace,Bengaluru,2,6427,5,12854,642.7,12211.3,Completed,False
O01050,2026-04-23,C0074,P013,CAM009,Social,Bengaluru,3,13533,10,40599,4059.9,36539.1,Completed,False
O01051,2026-06-09,C0001,P009,CAM006,Marketplace,Chennai,3,2266,15,6798,1019.7,5778.3,Completed,False
O01052,2026-03-28,C0057,P013,CAM005,Mobile App,Delhi,3,12255,5,36765,1838.25,34926.75,Completed,False
O01053,2026-06-28,C0075,P004,CAM001,Website,Mumbai,1,2266,5,2266,113.3,2152.7,Completed,False
O01054,2026-05-18,C0056,P013,CAM002,Website,Mumbai,4,11294,0,45176,0.0,45176.0,Completed,False
O01055,2026-04-28,C0039,P019,CAM006,Mobile App,Delhi,3,12877,0,38631,0.0,38631.0,Completed,False
O01056,2026-06-13,C0083,P003,CAM006,Website,Mumbai,4,17174,10,68696,6869.6,61826.4,Completed,False
O01057,2026-04-04,C0038,P007,CAM006,Mobile App,Delhi,2,11522,20,23044,4608.8,18435.2,Completed,False
O01058,2026-05-11,C0072,P014,CAM002,Mobile App,Bengaluru,4,16000,5,64000,3200.0,60800.0,Completed,False
O01059,2026-02-21,C0047,P013,CAM006,Mobile App,Bengaluru,2,13533,10,27066,2706.6,24359.4,Completed,False
O01060,2026-06-24,C0003,P014,CAM001,Social,Chennai,4,13533,20,54132,10826.4,43305.6,Completed,False
O01061,2026-04-23,C0054,P012,CAM002,Social,Mumbai,1,15417,15,15417,2312.55,-13104.45,Returned,True
O01062,2026-05-22,C0005,P014,CAM005,Marketplace,Delhi,1,6427,0,6427,0.0,6427.0,Completed,False
O01063,2026-03-25,C0094,P013,CAM007,Website,Chennai,3,11404,10,34212,3421.2,30790.8,Completed,False
O01064,2026-06-06,C0061,P002,CAM007,Mobile App,Mumbai,3,11294,0,33882,0.0,33882.0,Completed,False
O01065,2026-01-14,C0038,P016,CAM010,Marketplace,Bengaluru,3,11524,5,34572,1728.6,32843.4,Completed,False
O01066,2026-01-21,C0049,P009,CAM009,Marketplace,Bengaluru,2,13261,5,26522,1326.1,25195.9,Completed,False
O01067,2026-04-02,C0062,P002,CAM004,Mobile App,Delhi,4,2044,15,8176,1226.4,6949.6,Completed,False
O01068,2026-05-13,C0027,P009,CAM008,Mobile App,Mumbai,2,13533,0,27066,0.0,27066.0,Completed,False
O01069,2026-05-27,C0029,P009,CAM001,Mobile App,Chennai,3,6427,5,19281,964.05,18316.95,Completed,False
O01070,2026-03-21,C0042,P002,CAM009,Marketplace,Hyderabad,4,6427,5,25708,1285.4,24422.6,Completed,False
O01071,2026-04-28,C0026,P020,CAM004,Website,Hyderabad,3,11522,5,34566,1728.3,32837.7,Completed,False
O01072,2026-04-11,C0076,P005,CAM008,Marketplace,Mumbai,3,11522,15,34566,5184.9,29381.1,Completed,False
O01073,2026-06-24,C0011,P007,CAM010,Website,Bengaluru,4,2044,5,8176,408.8,7767.2,Completed,False
O01074,2026-04-29,C0083,P009,CAM008,Marketplace,Delhi,4,1100,5,4400,220.0,4180.0,Completed,False
O01075,2026-03-17,C0035,P017,CAM010,Social,Delhi,2,12877,10,25754,2575.4,23178.6,Completed,False
O01076,2026-06-25,C0057,P015,CAM001,Marketplace,Mumbai,2,6427,15,12854,1928.1,10925.9,Completed,False
O01077,2026-01-20,C0016,P016,CAM002,Mobile App,Chennai,1,11704,0,11704,0.0,11704.0,Completed,False
O01078,2026-06-28,C0039,P005,CAM007,Social,Bengaluru,3,11404,20,34212,6842.4,27369.6,Completed,False
O01079,2026-01-28,C0076,P017,CAM006,Marketplace,Delhi,4,11524,20,46096,9219.2,36876.8,Completed,False
O01080,2026-02-22,C0028,P017,CAM002,Mobile App,Delhi,2,11522,15,23044,3456.6,19587.4,Completed,False
O01081,2026-05-29,C0014,P010,CAM008,Website,Mumbai,2,1100,10,2200,220.0,1980.0,Completed,False
O01082,2026-05-13,C0053,P011,CAM001,Website,Chennai,1,16000,15,16000,2400.0,13600.0,Completed,False
O01083,2026-06-25,C0017,P001,CAM010,Website,Mumbai,2,6427,10,12854,1285.4,11568.6,Completed,False
O01084,2026-05-16,C0032,P016,CAM002,Website,Bengaluru,1,7276,5,7276,363.8,6912.2,Completed,False
O01085,2026-04-26,C0046,P020,CAM005,Marketplace,Bengaluru,4,17174,5,68696,3434.8,65261.2,Completed,False
O01086,2026-03-04,C0057,P010,CAM009,Marketplace,Hyderabad,3,13533,0,40599,0.0,40599.0,Completed,False
O01087,2026-01-01,C0064,P011,CAM006,Social,Chennai,1,11294,20,11294,2258.8,9035.2,Completed,False
O01088,2026-01-23,C0068,P010,CAM008,Marketplace,Bengaluru,1,2044,5,2044,102.2,-1941.8,Returned,True
O01089,2026-02-23,C0085,P002,CAM008,Social,Bengaluru,4,11704,5,46816,2340.8,44475.2,Completed,False
O01090,2026-01-08,C0007,P013,CAM010,Marketplace,Mumbai,4,17174,20,68696,13739.2,54956.8,Completed,False
O01091,2026-04-02,C0037,P015,CAM005,Mobile App,Hyderabad,4,15417,10,61668,6166.8,55501.2,Completed,False
O01092,2026-05-21,C0001,P019,CAM010,Marketplace,Mumbai,1,15417,15,15417,2312.55,13104.45,Completed,False
O01093,2026-06-24,C0001,P019,CAM006,Mobile App,Hyderabad,1,15417,5,15417,770.85,14646.15,Completed,False
O01094,2026-03-30,C0022,P010,CAM009,Mobile App,Chennai,1,16000,5,16000,800.0,15200.0,Completed,False
O01095,2026-06-08,C0060,P020,CAM008,Mobile App,Delhi,4,11294,15,45176,6776.4,38399.6,Completed,False
O01096,2026-06-28,C0090,P011,CAM002,Marketplace,Delhi,4,12877,10,51508,5150.8,46357.2,Completed,False
O01097,2026-06-05,C0078,P013,CAM007,Mobile App,Bengaluru,4,13261,0,53044,0.0,53044.0,Completed,False
O01098,2026-03-26,C0065,P013,CAM009,Marketplace,Bengaluru,1,11294,20,11294,2258.8,9035.2,Completed,False
O01099,2026-02-28,C0078,P020,CAM002,Social,Hyderabad,1,9686,10,9686,968.6,8717.4,Completed,False
O01100,2026-06-27,C0018,P015,CAM009,Mobile App,Hyderabad,4,2044,15,8176,1226.4,6949.6,Completed,False
O01101,2026-02-13,C0084,P003,CAM002,Mobile App,Bengaluru,4,11704,5,46816,2340.8,44475.2,Completed,False
O01102,2026-03-16,C0090,P002,CAM009,Mobile App,Delhi,3,13261,10,39783,3978.3,35804.7,Completed,False
O01103,2026-01-14,C0010,P009,CAM008,Social,Hyderabad,1,15417,15,15417,2312.55,13104.45,Completed,False
O01104,2026-05-24,C0047,P011,CAM002,Website,Hyderabad,1,11522,20,11522,2304.4,9217.6,Completed,False
O01105,2026-04-28,C0084,P014,CAM008,Social,Mumbai,1,12255,5,12255,612.75,11642.25,Completed,False
O01106,2026-01-16,C0048,P010,CAM002,Mobile App,Hyderabad,3,1100,15,3300,495.0,2805.0,Completed,False
O01107,2026-02-10,C0085,P011,CAM006,Social,Delhi,4,9072,20,36288,7257.6,-29030.4,Returned,True
O01108,2026-04-11,C0094,P019,CAM010,Social,Hyderabad,3,2266,15,6798,1019.7,5778.3,Completed,False
O01109,2026-04-08,C0048,P007,CAM003,Social,Bengaluru,2,2266,0,4532,0.0,4532.0,Completed,False
O01110,2026-05-26,C0006,P010,CAM002,Social,Delhi,4,15417,0,61668,0.0,61668.0,Completed,False
O01111,2026-02-18,C0035,P012,CAM005,Website,Bengaluru,1,12877,5,12877,643.85,12233.15,Completed,False
O01112,2026-06-17,C0022,P010,CAM004,Marketplace,Mumbai,4,6427,0,25708,0.0,-25708.0,Returned,True
O01113,2026-03-22,C0048,P020,CAM001,Website,Bengaluru,4,15417,15,61668,9250.2,52417.8,Completed,False
O01114,2026-05-29,C0059,P020,CAM005,Mobile App,Chennai,3,13533,20,40599,8119.8,32479.2,Completed,False
O01115,2026-02-13,C0047,P011,CAM003,Website,Hyderabad,4,15417,10,61668,6166.8,55501.2,Completed,False
O01116,2026-01-07,C0020,P010,CAM002,Marketplace,Delhi,3,11522,10,34566,3456.6,31109.4,Completed,False
O01117,2026-01-10,C0031,P012,CAM003,Marketplace,Mumbai,2,15417,15,30834,4625.1,26208.9,Completed,False
O01118,2026-03-09,C0068,P004,CAM001,Marketplace,Chennai,2,17174,10,34348,3434.8,30913.2,Completed,False
O01119,2026-06-22,C0003,P009,CAM010,Website,Mumbai,4,13261,10,53044,5304.4,47739.6,Completed,False
O01120,2026-01-09,C0022,P005,CAM010,Mobile App,Delhi,3,9015,10,27045,2704.5,24340.5,Completed,False
O01121,2026-03-08,C0090,P003,CAM004,Marketplace,Mumbai,1,13261,5,13261,663.05,12597.95,Completed,False
O01122,2026-01-20,C0010,P002,CAM009,Social,Bengaluru,4,16000,0,64000,0.0,64000.0,Completed,False
O01123,2026-06-18,C0042,P012,CAM005,Social,Chennai,1,16000,10,16000,1600.0,14400.0,Completed,False
O01124,2026-05-03,C0021,P001,CAM010,Website,Hyderabad,3,2266,20,6798,1359.6,5438.4,Completed,False
O01125,2026-05-19,C0011,P013,CAM002,Mobile App,Chennai,1,7276,0,7276,0.0,7276.0,Completed,False
O01126,2026-05-10,C0043,P009,CAM003,Website,Mumbai,3,9072,5,27216,1360.8,25855.2,Completed,False
O01127,2026-04-29,C0053,P008,CAM008,Social,Bengaluru,2,2044,5,4088,204.4,3883.6,Completed,False
O01128,2026-05-21,C0018,P016,CAM003,Website,Hyderabad,2,9686,20,19372,3874.4,15497.6,Completed,False
O01129,2026-01-02,C0008,P011,CAM009,Social,Delhi,3,11294,10,33882,3388.2,30493.8,Completed,False
O01130,2026-06-06,C0014,P015,CAM005,Website,Bengaluru,4,2266,10,9064,906.4,8157.6,Completed,False
O01131,2026-05-14,C0066,P015,CAM005,Website,Bengaluru,2,1100,15,2200,330.0,1870.0,Completed,False
O01132,2026-05-14,C0087,P001,CAM005,Social,Bengaluru,4,15417,5,61668,3083.4,58584.6,Completed,False
O01133,2026-03-13,C0019,P005,CAM008,Mobile App,Mumbai,2,17174,15,34348,5152.2,-29195.8,Returned,True
O01134,2026-05-25,C0033,P012,CAM001,Mobile App,Hyderabad,1,7276,0,7276,0.0,7276.0,Completed,False
O01135,2026-03-11,C0035,P020,CAM008,Marketplace,Bengaluru,1,11404,0,11404,0.0,11404.0,Completed,False
O01136,2026-01-09,C0037,P004,CAM008,Mobile App,Hyderabad,1,6427,20,6427,1285.4,5141.6,Completed,False
O01137,2026-06-14,C0025,P003,CAM009,Marketplace,Bengaluru,3,11704,15,35112,5266.8,29845.2,Completed,False
O01138,2026-02-12,C0006,P019,CAM010,Mobile App,Delhi,3,11704,0,35112,0.0,35112.0,Completed,False
O01139,2026-01-19,C0053,P020,CAM008,Mobile App,Mumbai,2,15417,10,30834,3083.4,27750.6,Completed,False
O01140,2026-04-23,C0036,P004,CAM006,Mobile App,Hyderabad,2,16000,0,32000,0.0,32000.0,Completed,False
O01141,2026-02-12,C0035,P009,CAM005,Website,Chennai,4,17174,15,68696,10304.4,58391.6,Completed,False
O01142,2026-06-05,C0027,P013,CAM004,Mobile App,Mumbai,3,9015,15,27045,4056.75,22988.25,Completed,False
O01143,2026-03-22,C0093,P004,CAM009,Marketplace,Mumbai,1,9686,5,9686,484.3,9201.7,Completed,False
O01144,2026-01-01,C0062,P007,CAM004,Website,Hyderabad,1,12877,5,12877,643.85,12233.15,Completed,False
O01145,2026-06-22,C0042,P008,CAM006,Website,Chennai,2,2044,5,4088,204.4,3883.6,Completed,False
O01146,2026-04-04,C0021,P013,CAM001,Marketplace,Mumbai,2,2266,5,4532,226.6,4305.4,Completed,False
O01147,2026-02-17,C0081,P007,CAM004,Mobile App,Delhi,4,11404,5,45616,2280.8,-43335.2,Returned,True
O01148,2026-05-03,C0089,P009,CAM003,Website,Chennai,3,7276,5,21828,1091.4,20736.6,Completed,False
O01149,2026-04-07,C0004,P006,CAM005,Marketplace,Delhi,4,6427,10,25708,2570.8,23137.2,Completed,False
O01150,2026-01-06,C0093,P016,CAM006,Social,Chennai,3,17174,20,51522,10304.4,41217.6,Completed,False
O01151,2026-05-18,C0070,P004,CAM008,Website,Bengaluru,2,17174,15,34348,5152.2,29195.8,Completed,False
O01152,2026-03-14,C0010,P005,CAM005,Website,Bengaluru,3,1100,5,3300,165.0,3135.0,Completed,False
O01153,2026-05-07,C0076,P005,CAM002,Mobile App,Bengaluru,3,12877,20,38631,7726.2,30904.8,Completed,False
O01154,2026-06-12,C0011,P019,CAM006,Marketplace,Chennai,3,13533,5,40599,2029.95,38569.05,Completed,False
O01155,2026-04-21,C0006,P019,CAM001,Website,Chennai,1,12255,20,12255,2451.0,9804.0,Completed,False
O01156,2026-05-02,C0012,P011,CAM009,Social,Delhi,3,2266,5,6798,339.9,6458.1,Completed,False
O01157,2026-02-16,C0046,P004,CAM008,Mobile App,Hyderabad,2,9072,10,18144,1814.4,16329.6,Completed,False
O01158,2026-02-13,C0062,P016,CAM003,Website,Bengaluru,4,6427,5,25708,1285.4,24422.6,Completed,False
O01159,2026-03-17,C0041,P010,CAM003,Social,Hyderabad,4,2266,15,9064,1359.6,7704.4,Completed,False
O01160,2026-06-04,C0013,P017,CAM001,Website,Hyderabad,3,2266,5,6798,339.9,6458.1,Completed,False
O01161,2026-04-05,C0020,P008,CAM004,Website,Delhi,4,1100,20,4400,880.0,3520.0,Completed,False
O01162,2026-03-04,C0086,P020,CAM001,Social,Chennai,3,12877,0,38631,0.0,38631.0,Completed,False
O01163,2026-05-22,C0097,P017,CAM010,Marketplace,Bengaluru,1,12877,10,12877,1287.7,11589.3,Completed,False
O01164,2026-06-04,C0076,P005,CAM002,Mobile App,Bengaluru,3,2266,0,6798,0.0,6798.0,Completed,False
O01165,2026-06-13,C0011,P015,CAM007,Marketplace,Bengaluru,4,9686,20,38744,7748.8,30995.2,Completed,False
O01166,2026-02-24,C0082,P006,CAM006,Marketplace,Delhi,1,9686,10,9686,968.6,8717.4,Completed,False
O01167,2026-05-09,C0070,P007,CAM003,Marketplace,Chennai,1,12255,15,12255,1838.25,10416.75,Completed,False
O01168,2026-04-17,C0053,P006,CAM009,Website,Bengaluru,2,17174,20,34348,6869.6,-27478.4,Returned,True
O01169,2026-03-23,C0015,P014,CAM002,Marketplace,Bengaluru,4,11524,10,46096,4609.6,-41486.4,Returned,True
O01170,2026-03-13,C0100,P006,CAM009,Mobile App,Bengaluru,3,11522,0,34566,0.0,34566.0,Completed,False
O01171,2026-01-21,C0045,P013,CAM008,Social,Delhi,4,17174,5,68696,3434.8,65261.2,Completed,False
O01172,2026-02-19,C0005,P012,CAM007,Marketplace,Delhi,4,11294,5,45176,2258.8,-42917.2,Returned,True
O01173,2026-04-10,C0021,P016,CAM009,Website,Delhi,3,12255,20,36765,7353.0,29412.0,Completed,False
O01174,2026-06-10,C0041,P020,CAM005,Social,Bengaluru,3,11704,20,35112,7022.4,28089.6,Completed,False
O01175,2026-06-06,C0007,P001,CAM003,Mobile App,Bengaluru,2,13261,10,26522,2652.2,23869.8,Completed,False
O01176,2026-02-03,C0033,P020,CAM002,Mobile App,Bengaluru,1,17174,20,17174,3434.8,13739.2,Completed,False
O01177,2026-05-03,C0047,P003,CAM010,Social,Delhi,2,9686,5,19372,968.6,18403.4,Completed,False
O01178,2026-01-16,C0095,P011,CAM005,Social,Delhi,3,1100,15,3300,495.0,2805.0,Completed,False
O01179,2026-05-03,C0009,P007,CAM009,Social,Mumbai,1,2044,5,2044,102.2,-1941.8,Returned,True
O01180,2026-03-03,C0058,P013,CAM004,Marketplace,Bengaluru,1,15417,5,15417,770.85,14646.15,Completed,False
O01181,2026-03-23,C0092,P015,CAM010,Social,Mumbai,1,13533,5,13533,676.65,12856.35,Completed,False
O01182,2026-05-10,C0081,P018,CAM009,Website,Hyderabad,3,11704,10,35112,3511.2,31600.8,Completed,False
O01183,2026-03-18,C0093,P009,CAM004,Marketplace,Bengaluru,4,7276,5,29104,1455.2,27648.8,Completed,False
O01184,2026-05-27,C0018,P019,CAM005,Mobile App,Delhi,4,11704,5,46816,2340.8,44475.2,Completed,False
O01185,2026-04-07,C0081,P007,CAM008,Mobile App,Chennai,2,11404,5,22808,1140.4,21667.6,Completed,False
O01186,2026-06-30,C0098,P005,CAM003,Website,Bengaluru,3,9686,0,29058,0.0,29058.0,Completed,False
O01187,2026-04-26,C0033,P008,CAM001,Website,Hyderabad,4,13261,20,53044,10608.8,42435.2,Completed,False
O01188,2026-02-23,C0050,P011,CAM003,Mobile App,Chennai,3,16000,5,48000,2400.0,45600.0,Completed,False
O01189,2026-05-21,C0054,P014,CAM006,Social,Delhi,2,13533,0,27066,0.0,27066.0,Completed,False
O01190,2026-03-15,C0050,P017,CAM002,Marketplace,Bengaluru,2,11704,10,23408,2340.8,21067.2,Completed,False
O01191,2026-04-07,C0029,P005,CAM004,Mobile App,Mumbai,3,2044,20,6132,1226.4,4905.6,Completed,False
O01192,2026-01-25,C0098,P007,CAM010,Mobile App,Delhi,2,9072,5,18144,907.2,-17236.8,Returned,True
O01193,2026-01-22,C0096,P019,CAM001,Marketplace,Delhi,4,11524,20,46096,9219.2,36876.8,Completed,False
O01194,2026-04-15,C0039,P009,CAM001,Website,Bengaluru,4,9015,15,36060,5409.0,30651.0,Completed,False
O01195,2026-02-03,C0081,P005,CAM005,Marketplace,Delhi,1,13533,15,13533,2029.95,11503.05,Completed,False
O01196,2026-06-30,C0040,P020,CAM001,Marketplace,Hyderabad,3,12255,5,36765,1838.25,34926.75,Completed,False
O01197,2026-06-04,C0080,P009,CAM001,Website,Delhi,2,11524,0,23048,0.0,23048.0,Completed,False
O01198,2026-05-07,C0059,P020,CAM002,Marketplace,Mumbai,3,16000,5,48000,2400.0,45600.0,Completed,False
O01199,2026-05-13,C0048,P019,CAM002,Marketplace,Hyderabad,2,13533,20,27066,5413.2,21652.8,Completed,False
O01200,2026-04-18,C0013,P019,CAM009,Marketplace,Delhi,2,1100,15,2200,330.0,1870.0,Completed,False
